date,training_load,totalDistanceMeters,floorsAscendedInMeters,sleepingSeconds,bodyBatteryMostRecentValue,averageStressLevel,restingHeartRate,maxHeartRate,intensityMinutes,activeKilocalories,totalSteps,floorsAscended,5K_prediction,10K_prediction,HalfMarathon_prediction,Marathon_prediction,sleep_score,CTL,ATL,TSB
2024-03-16,144.314697265625,10924.0,85.412,26580.0,30.0,28.0,61.0,169.0,0.0,988.0,16194.0,28.02231,0:19,0:42,1:37,3:48,80.0,3.4,19.2,-15.8
2024-03-17,317.64892578125,20651.0,67.844,29820.0,45.0,22.0,51.0,177.0,0.0,1309.0,19129.0,22.25853,0:19,0:41,1:37,3:47,91.0,10.8,58.9,-48.2
2024-03-18,0.0,4111.0,2.069,27420.0,41.0,20.0,52.0,108.0,0.0,200.0,5241.0,0.67881,0:19,0:41,1:37,3:47,92.0,10.5,51.1,-40.6
2024-03-19,221.16326904296875,15315.0,63.318,20340.0,41.0,23.0,54.0,177.0,0.0,892.0,14736.0,20.77362,0:19,0:41,1:37,3:47,77.0,15.5,73.7,-58.2
2024-03-20,134.08236694335938,13860.0,48.767,28140.0,56.0,16.0,49.0,165.0,0.0,705.0,14544.0,15.99967,0:19,0:41,1:37,3:47,93.0,18.3,81.8,-63.5
2024-03-21,7.605224609375,5852.0,10.515,22680.0,34.0,21.0,51.0,143.0,0.0,437.0,7458.0,3.4498,0:19,0:41,1:37,3:47,76.0,18.0,71.9,-53.9
2024-03-22,209.15269470214844,16458.0,98.659,21720.0,40.0,23.0,57.0,164.0,0.0,918.0,16100.0,32.36844,0:19,0:41,1:37,3:47,65.0,22.5,90.2,-67.6
2024-03-23,9.2838134765625,14142.0,40.792,29400.0,36.0,15.0,49.0,118.0,0.0,617.0,18069.0,13.3832,0:19,0:41,1:37,3:47,92.0,22.2,79.4,-57.2
2024-03-24,268.27392578125,20833.0,21.336,24480.0,51.0,15.0,48.0,179.0,0.0,1110.0,20786.0,7.0,0:19,0:41,1:37,3:47,89.0,28.0,104.5,-76.5
2024-03-25,0.0,1760.0,4.117,31560.0,46.0,13.0,49.0,100.0,0.0,51.0,2249.0,1.35072,0:19,0:42,1:37,3:48,85.0,27.3,90.6,-63.3
2024-03-26,246.29063415527344,16375.0,63.177,24266.0,47.0,15.0,49.0,174.0,0.0,889.0,14965.0,20.72736,0:19,0:41,1:37,3:48,93.0,32.5,111.3,-78.9
2024-03-27,19.300369262695312,3545.0,28.411,21060.0,21.0,15.0,54.0,134.0,0.0,394.0,4530.0,9.32119,0:19,0:41,1:37,3:48,72.0,32.2,99.1,-66.9
2024-03-28,0.0,2233.0,2.154,24060.0,52.0,20.0,53.0,106.0,0.0,86.0,2853.0,0.70669,0:19,0:41,1:37,3:48,65.0,31.4,85.9,-54.5
2024-03-29,301.857177734375,18311.0,22.91,32773.0,51.0,17.0,49.0,171.0,0.0,1083.0,17490.0,7.5164,0:19,0:41,1:37,3:48,90.0,37.8,114.7,-76.9
2024-03-30,87.60115051269531,10982.0,45.72,27840.0,42.0,15.0,51.0,162.0,0.0,570.0,12274.0,15.0,0:19,0:41,1:37,3:48,92.0,39.0,111.1,-72.1
2024-03-31,282.0738220214844,21675.0,175.883,30054.0,31.0,22.0,48.0,171.0,0.0,1384.0,20490.0,57.7044,0:19,0:41,1:37,3:46,90.0,44.7,133.8,-89.1
2024-04-01,0.0,3506.0,0.0,22920.0,43.0,18.0,55.0,105.0,0.0,181.0,4480.0,0.0,0:19,0:41,1:37,3:46,50.0,43.6,116.0,-72.4
2024-04-02,270.8566589355469,17092.0,72.255,23812.0,32.0,25.0,52.0,174.0,0.0,987.0,16028.0,23.70571,0:19,0:41,1:36,3:46,95.0,49.0,136.6,-87.6
2024-04-03,149.64585876464844,15455.0,54.133,21690.0,39.0,24.0,52.0,168.0,0.0,854.0,16321.0,17.76017,0:19,0:41,1:36,3:45,74.0,51.3,138.4,-87.0
2024-04-04,8.74871826171875,5273.0,18.636,22320.0,44.0,15.0,51.0,127.0,0.0,292.0,6679.0,6.11417,0:19,0:41,1:36,3:46,82.0,50.3,121.1,-70.8
2024-04-05,183.2899627685547,16873.0,89.454,22052.0,26.0,29.0,52.0,168.0,0.0,997.0,17032.0,29.34843,0:19,0:41,1:36,3:45,77.0,53.5,129.4,-75.9
2024-04-06,9.63653564453125,5231.0,9.675,28620.0,43.0,19.0,50.0,150.0,0.0,332.0,6599.0,3.17421,0:19,0:41,1:36,3:46,85.0,52.4,113.4,-61.0
2024-04-07,492.47015380859375,29510.0,165.32,25200.0,29.0,23.0,48.0,131.0,0.0,1741.0,26783.0,54.23885,0:19,0:41,1:35,3:42,82.0,62.8,163.9,-101.1
2024-04-08,0.0,4555.0,9.553,29580.0,61.0,17.0,51.0,108.0,0.0,205.0,5820.0,3.13419,0:19,0:41,1:35,3:42,93.0,61.3,142.1,-80.8
2024-04-09,8.274932861328125,4552.0,26.794,22560.0,38.0,17.0,47.0,124.0,0.0,307.0,5816.0,8.79068,0:19,0:41,1:35,3:42,86.0,60.1,124.3,-64.2
2024-04-10,128.169677734375,13329.0,79.479,25800.0,45.0,18.0,47.0,163.0,0.0,640.0,13952.0,26.07579,0:19,0:41,1:35,3:42,87.0,61.7,124.8,-63.1
2024-04-11,11.499908447265623,5228.0,12.192,23520.0,36.0,26.0,49.0,125.0,0.0,341.0,6675.0,4.0,0:19,0:41,1:35,3:42,80.0,60.5,109.7,-49.2
2024-04-12,176.22476196289062,16086.0,76.2,23040.0,28.0,22.0,49.0,169.0,0.0,872.0,15668.0,25.0,0:19,0:41,1:35,3:41,85.0,63.2,118.6,-55.3
2024-04-13,155.57395935058594,14532.0,82.682,25500.0,18.0,34.0,53.0,159.0,0.0,986.0,14902.0,27.12664,0:19,0:41,1:35,3:41,79.0,65.4,123.5,-58.1
2024-04-14,135.1773223876953,26188.0,230.064,29820.0,12.0,35.0,51.0,157.0,0.0,1518.0,27544.0,75.48031,0:19,0:41,1:34,3:40,72.0,67.0,125.0,-58.0
2024-04-15,0.0,1883.0,0.0,24920.0,40.0,20.0,50.0,104.0,0.0,71.0,2396.0,0.0,0:19,0:41,1:34,3:40,87.0,65.5,108.4,-42.9
2024-04-16,10.2119140625,4851.0,27.432,25260.0,26.0,31.0,45.0,168.0,0.0,431.0,6118.0,9.0,0:19,0:41,1:35,3:40,82.0,64.2,95.3,-31.2
2024-04-17,167.12625122070312,15988.0,90.721,21660.0,13.0,34.0,48.0,170.0,0.0,833.0,15660.0,29.76411,0:19,0:41,1:34,3:39,78.0,66.6,104.9,-38.3
2024-04-18,0.0,4007.0,4.571,25080.0,17.0,34.0,50.0,112.0,0.0,205.0,5120.0,1.49967,0:19,0:41,1:34,3:39,75.0,65.0,90.9,-25.9
2024-04-19,0.0,4393.0,15.493,27120.0,29.0,25.0,48.0,114.0,0.0,186.0,5613.0,5.08301,0:19,0:41,1:34,3:39,79.0,63.5,78.8,-15.3
2024-04-20,175.36045837402344,16949.0,82.848,24900.0,13.0,35.0,50.0,164.0,0.0,917.0,16506.0,27.1811,0:19,0:41,1:34,3:38,87.0,66.1,91.7,-25.6
2024-04-21,149.671142578125,19413.0,231.648,26040.0,21.0,30.0,51.0,159.0,0.0,1037.0,19853.0,76.0,0:19,0:41,1:34,3:38,84.0,68.1,99.4,-31.3
2024-04-22,0.0,4179.0,8.033,26340.0,43.0,18.0,47.0,98.0,0.0,131.0,5318.0,2.6355,0,0,0,0,86.0,66.5,86.2,-19.7
2024-04-23,8.2960205078125,3333.0,13.909,21960.0,33.0,25.0,50.0,127.0,0.0,277.0,4192.0,4.56332,0:19,0:41,1:34,3:38,75.0,65.1,75.8,-10.7
2024-04-24,181.4550018310547,19415.0,107.524,22380.0,16.0,35.0,46.0,170.0,0.0,1061.0,18817.0,35.2769,0:19,0:41,1:34,3:38,77.0,67.8,89.9,-22.0
2024-04-25,160.75027465820312,15699.0,70.104,24300.0,22.0,28.0,46.0,179.0,0.0,796.0,16440.0,23.0,0:19,0:41,1:34,3:38,83.0,70.0,99.3,-29.3
2024-04-26,187.13926696777344,14718.0,73.578,27180.0,19.0,32.0,52.0,180.0,0.0,852.0,14044.0,24.13976,0:19,0:41,1:34,3:38,68.0,72.8,111.0,-38.2
2024-04-27,20.739288330078125,6969.0,18.383,28560.0,9.0,38.0,50.0,141.0,0.0,783.0,8894.0,6.03117,0:19,0:41,1:34,3:38,88.0,71.6,99.0,-27.4
2024-04-28,229.67483520507807,21330.0,176.784,28200.0,23.0,32.0,52.0,177.0,0.0,1262.0,19933.0,58.0,0:19,0:41,1:34,3:37,74.0,75.3,116.4,-41.1
2024-04-29,0.0,3278.0,12.704,23640.0,10.0,37.0,51.0,109.0,0.0,151.0,4188.0,4.16798,0:19,0:41,1:34,3:37,74.0,73.5,100.9,-27.4
2024-04-30,0.0,1103.0,0.0,28850.0,5.0,53.0,53.0,114.0,0.0,133.0,1409.0,0.0,0:19,0:41,1:34,3:37,43.0,71.8,87.5,-15.7
2024-05-01,44.54537963867188,7679.0,21.336,31320.0,5.0,44.0,54.0,134.0,0.0,667.0,8789.0,7.0,0:19,0:41,1:34,3:38,62.0,71.1,81.7,-10.6
2024-05-02,131.0504608154297,16569.0,323.114,27960.0,7.0,38.0,54.0,156.0,0.0,1121.0,17582.0,106.00853,0:19,0:41,1:33,3:37,46.0,72.5,88.3,-15.8
2024-05-03,220.6368865966797,16944.0,354.327,23220.0,10.0,29.0,53.0,175.0,0.0,1140.0,17213.0,116.24902,0:19,0:41,1:33,3:37,77.0,76.0,105.9,-29.9
2024-05-04,14.3780517578125,5793.0,33.796,24240.0,6.0,37.0,56.0,125.0,0.0,627.0,7131.0,11.08793,0:19,0:41,1:33,3:37,41.0,74.6,93.7,-19.2
2024-05-05,297.61798095703125,20273.0,346.267,29640.0,5.0,42.0,51.0,187.0,0.0,1470.0,19643.0,113.60466,0:19,0:41,1:33,3:37,90.0,79.8,120.9,-41.0
2024-05-06,0.0,2533.0,6.096,26291.0,22.0,31.0,53.0,110.0,0.0,151.0,3237.0,2.0,0:19,0:41,1:33,3:37,55.0,78.0,104.8,-26.8
2024-05-07,8.87646484375,3874.0,6.096,23735.0,12.0,33.0,50.0,119.0,0.0,324.0,4917.0,2.0,0:19,0:41,1:33,3:37,76.0,76.3,92.0,-15.7
2024-05-08,185.20486450195312,15918.0,67.914,24840.0,5.0,40.0,49.0,158.0,0.0,911.0,15624.0,22.2815,0:19,0:41,1:33,3:36,80.0,78.9,104.4,-25.5
2024-05-09,201.4730224609375,17163.0,64.806,24310.0,16.0,33.0,50.0,186.0,0.0,973.0,16968.0,21.26181,0:19,0:41,1:33,3:36,61.0,81.8,117.3,-35.6
2024-05-10,7.0811767578125,7955.0,12.884,21540.0,16.0,27.0,50.0,118.0,0.0,411.0,10002.0,4.22703,0:19,0:41,1:33,3:36,68.0,80.0,102.7,-22.6
2024-05-11,236.31434631347656,15886.0,286.512,31380.0,12.0,30.0,51.0,181.0,0.0,951.0,15422.0,94.0,0:19,0:41,1:33,3:36,90.0,83.7,120.5,-36.8
2024-05-12,69.85545349121094,6512.0,19.816,29700.0,14.0,34.0,52.0,164.0,0.0,470.0,6567.0,6.50131,0:19,0:41,1:33,3:36,82.0,83.4,113.7,-30.4
2024-05-13,0.0,1311.0,0.0,26605.0,5.0,45.0,51.0,117.0,0.0,137.0,1675.0,0.0,0:19,0:41,1:33,3:36,78.0,81.4,98.6,-17.2
2024-05-14,0.0,3818.0,5.42,27939.0,39.0,23.0,51.0,106.0,0.0,161.0,4879.0,1.77822,0:19,0:41,1:33,3:36,81.0,79.5,85.5,-6.0
2024-05-15,236.7414703369141,22205.0,178.494,25888.0,8.0,37.0,48.0,172.0,0.0,1303.0,20850.0,58.56102,0:19,0:41,1:33,3:36,90.0,83.2,105.6,-22.4
2024-05-16,0.0,4303.0,0.0,26160.0,44.0,23.0,50.0,112.0,0.0,162.0,5499.0,0.0,0:19,0:41,1:33,3:36,66.0,81.2,91.5,-10.3
2024-05-17,174.66302490234375,16367.0,57.912,24000.0,27.0,20.0,46.0,184.0,0.0,847.0,16897.0,19.0,0:19,0:41,1:33,3:36,93.0,83.4,102.6,-19.2
2024-05-18,9.455398559570312,4593.0,14.256,25260.0,27.0,30.0,53.0,129.0,0.0,410.0,5831.0,4.67717,0:19,0:41,1:33,3:36,72.0,81.7,90.2,-8.5
2024-05-19,216.5604553222656,26362.0,206.215,25518.0,31.0,24.0,46.0,160.0,0.0,1469.0,25447.0,67.65584,0:19,0:41,1:32,3:35,83.0,84.9,107.0,-22.2
2024-05-20,0.0,1996.0,2.127,28260.0,42.0,17.0,48.0,103.0,0.0,58.0,2551.0,0.69783,0:19,0:41,1:33,3:35,93.0,82.9,92.8,-9.9
2024-05-21,24.17817687988281,6332.0,24.63,21180.0,34.0,26.0,50.0,142.0,0.0,501.0,7974.0,8.08071,0:19,0:41,1:33,3:37,71.0,81.5,83.6,-2.2
2024-05-22,180.7515106201172,17315.0,71.3,21178.0,20.0,30.0,48.0,171.0,0.0,895.0,16687.0,23.39239,0:19,0:41,1:33,3:37,74.0,83.8,96.6,-12.8
2024-05-23,10.458267211914062,4542.0,27.572,24960.0,13.0,38.0,49.0,125.0,0.0,442.0,5773.0,9.04593,0:19,0:41,1:33,3:37,86.0,82.1,85.1,-3.0
2024-05-24,139.4729461669922,14537.0,73.35,19020.0,5.0,42.0,53.0,169.0,0.0,911.0,15146.0,24.06496,0:19,0:41,1:33,3:37,59.0,83.4,92.3,-8.9
2024-05-25,0.0,3120.0,2.038,25710.0,25.0,26.0,53.0,110.0,0.0,99.0,3980.0,0.66864,0:19,0:41,1:33,3:37,79.0,81.5,80.1,1.4
2024-05-26,498.9851837158203,30436.0,140.41400000000002,19581.0,5.0,40.0,47.0,188.0,0.0,1702.0,29279.0,46.06759,0:19,0:41,1:33,3:37,71.0,91.3,135.8,-44.5
2024-05-27,0.0,4440.0,19.139,21780.0,27.0,25.0,54.0,103.0,0.0,147.0,5669.0,6.2792,0:19,0:41,1:33,3:37,72.0,89.2,117.7,-28.6
2024-05-28,144.4453125,11981.0,400.818,24470.0,15.0,33.0,49.0,186.0,0.0,894.0,13189.0,131.50197,0:19,0:41,1:33,3:38,80.0,90.5,121.3,-30.8
2024-05-29,11.909088134765623,5381.0,31.216,22740.0,25.0,30.0,53.0,127.0,0.0,421.0,6876.0,10.24147,0:19,0:41,1:33,3:37,81.0,88.6,106.7,-18.1
2024-05-30,0.0,2848.0,12.192,0.0,27.0,26.0,54.0,106.0,0.0,67.0,3617.0,4.0,0:19,0:41,1:33,3:37,0.0,86.5,92.5,-6.0
2024-05-31,169.98910522460938,14874.0,64.202,23520.0,5.0,41.0,54.0,162.0,0.0,806.0,14639.0,21.06365,0:19,0:41,1:33,3:37,73.0,88.5,102.8,-14.3
2024-06-01,152.1382293701172,13502.0,80.107,22523.0,5.0,46.0,52.0,172.0,0.0,1047.0,13586.0,26.28182,0:19,0:41,1:33,3:37,75.0,90.0,109.4,-19.4
2024-06-02,341.6607971191406,12556.0,537.907,32758.0,11.0,36.0,51.0,174.0,0.0,1169.0,13509.0,176.47867,0:19,0:40,1:33,3:37,83.0,95.9,140.3,-44.4
2024-06-03,0.0,3984.0,17.028,27222.0,27.0,27.0,51.0,113.0,0.0,172.0,5091.0,5.58661,0:19,0:40,1:33,3:37,73.0,93.7,121.6,-28.0
2024-06-04,7.5954437255859375,4031.0,4.033,25020.0,31.0,26.0,49.0,123.0,0.0,307.0,5142.0,1.32316,0:19,0:40,1:33,3:37,62.0,91.6,106.5,-14.8
2024-06-05,160.20126342773438,13598.0,44.68,23400.0,21.0,28.0,46.0,167.0,0.0,783.0,12879.0,14.65879,0:19,0:40,1:33,3:37,86.0,93.2,113.6,-20.4
2024-06-06,139.5715789794922,14349.0,92.504,24780.0,17.0,32.0,47.0,165.0,0.0,813.0,13826.0,30.34908,0:19,0:40,1:33,3:37,88.0,94.3,117.1,-22.7
2024-06-07,171.3450164794922,15965.0,108.257,24219.0,5.0,43.0,52.0,167.0,0.0,925.0,15807.0,35.51739,0:19,0:40,1:33,3:37,56.0,96.1,124.3,-28.2
2024-06-08,12.580398559570312,5396.0,16.839,29520.0,12.0,33.0,52.0,131.0,0.0,457.0,6876.0,5.52461,0:19,0:40,1:33,3:37,69.0,94.2,109.4,-15.2
2024-06-09,276.2928466796875,20808.0,324.608,30480.0,5.0,43.0,51.0,174.0,0.0,1408.0,19940.0,106.49869,0:19,0:40,1:33,3:37,90.0,98.5,131.6,-33.2
2024-06-10,0.0,5681.0,19.133,20739.0,7.0,34.0,54.0,117.0,0.0,285.0,7226.0,6.27723,0:19,0:41,1:34,3:38,44.0,96.1,114.1,-18.0
2024-06-11,218.6220092773437,17404.0,48.768,18649.0,12.0,29.0,48.0,163.0,0.0,1026.0,17146.0,16.0,0:19,0:40,1:34,3:38,69.0,99.0,128.0,-29.0
2024-06-12,0.0,4833.0,10.009,20661.0,34.0,24.0,48.0,106.0,0.0,177.0,6176.0,3.28379,0:19,0:40,1:34,3:38,73.0,96.7,111.0,-14.3
2024-06-13,2.3807373046875,3646.0,7.691,23460.0,34.0,20.0,48.0,114.0,0.0,197.0,4659.0,2.52329,0:19,0:40,1:34,3:38,81.0,94.5,96.5,-2.0
2024-06-14,1.988739013671875,4747.0,17.592,22620.0,21.0,26.0,48.0,102.0,0.0,198.0,6066.0,5.77165,0:19,0:40,1:34,3:38,83.0,92.3,83.9,8.4
2024-06-15,5.764175415039063,32716.0,17.192,25320.0,9.0,38.0,52.0,141.0,0.0,854.0,9414.0,5.64042,0:19,0:40,1:34,3:38,81.0,90.3,73.5,16.7
2024-06-16,29.138458251953125,10396.0,372.276,28080.0,16.0,34.0,50.0,140.0,0.0,754.0,15542.0,122.1378,0:19,0:41,1:34,3:39,89.0,88.8,67.6,21.2
2024-06-17,78.16342163085938,20500.0,35.309,26516.0,21.0,32.0,49.0,151.0,0.0,618.0,7839.0,11.58432,0:19,0:40,1:34,3:39,80.0,88.6,69.0,19.5
2024-06-18,7.178558349609375,4541.0,0.0,22200.0,28.0,24.0,50.0,132.0,0.0,362.0,5803.0,0.0,0:19,0:40,1:34,3:39,71.0,86.7,60.8,25.9
2024-06-19,0.0,5112.0,23.692,25020.0,37.0,20.0,46.0,107.0,0.0,166.0,6532.0,7.77297,0:19,0:41,1:34,3:39,80.0,84.6,52.7,31.9
2024-06-20,13.99127197265625,4690.0,7.036,24900.0,25.0,30.0,47.0,124.0,0.0,408.0,5993.0,2.3084,0:19,0:41,1:34,3:40,84.0,83.0,47.5,35.4
2024-06-21,108.08248901367188,7466.0,54.864,25320.0,17.0,15.0,46.0,152.0,0.0,445.0,6603.0,18.0,0:19,0:41,1:34,3:40,82.0,83.6,55.6,27.9
2024-06-22,44.60466003417969,5535.0,27.432,30360.0,11.0,39.0,51.0,141.0,0.0,622.0,5588.0,9.0,0:19,0:41,1:35,3:40,84.0,82.6,54.1,28.5
2024-06-23,0.0,25979.0,8.115,28860.0,15.0,33.0,47.0,140.0,0.0,685.0,10228.0,2.6624,0:19,0:41,1:35,3:42,82.0,80.7,46.9,33.8
2024-06-24,5.88885498046875,18113.0,6.884,22080.0,22.0,25.0,47.0,130.0,0.0,544.0,7030.0,2.25853,0:19,0:41,1:35,3:42,77.0,78.9,41.5,37.5
2024-06-25,54.32171630859375,7633.0,21.758,24360.0,21.0,34.0,48.0,144.0,0.0,534.0,7657.0,7.13845,0:20,0:42,1:38,3:47,78.0,78.4,43.2,35.2
2024-06-26,185.83709716796875,16358.0,63.119,22920.0,11.0,36.0,48.0,172.0,0.0,877.0,16534.0,20.70833,0:19,0:41,1:35,3:42,81.0,80.9,62.2,18.7
2024-06-27,0.0,25286.0,3.661,24921.0,34.0,26.0,51.0,163.0,0.0,451.0,4371.0,1.20112,0:19,0:41,1:35,3:42,73.0,79.0,53.9,25.1
2024-06-28,178.97698974609375,13161.0,82.296,25822.0,19.0,34.0,50.0,170.0,0.0,724.0,12553.0,27.0,0:19,0:41,1:35,3:41,79.0,81.3,70.5,10.8
2024-06-29,6.73333740234375,6812.0,5.403,22440.0,18.0,44.0,52.0,120.0,0.0,578.0,8657.0,1.77264,0:19,0:41,1:35,3:42,49.0,79.6,62.1,17.5
2024-06-30,29.340728759765625,7017.0,12.192,0.0,7.0,53.0,53.0,137.0,0.0,807.0,7415.0,4.0,0:19,0:41,1:36,3:42,0.0,78.4,57.7,20.7
2024-07-01,233.62872314453125,16496.0,71.414,24078.0,16.0,29.0,49.0,178.0,0.0,950.0,15950.0,23.42979,0:19,0:41,1:36,3:43,64.0,82.0,81.1,0.9
2024-07-02,15.705429077148438,4656.0,13.958,27060.0,34.0,27.0,52.0,128.0,0.0,475.0,5939.0,4.5794,0:19,0:41,1:36,3:44,80.0,80.5,72.4,8.1
2024-07-03,224.14010620117188,19431.0,91.673,21720.0,9.0,40.0,48.0,178.0,0.0,1121.0,19280.0,30.07644,0:19,0:41,1:36,3:44,77.0,83.9,92.6,-8.7
2024-07-04,0.0,11840.0,0.0,27780.0,19.0,31.0,51.0,154.0,0.0,279.0,3734.0,0.0,0:19,0:41,1:36,3:45,87.0,81.9,80.3,1.6
2024-07-05,32.63221740722656,2949.0,3.048,22620.0,5.0,45.0,54.0,145.0,0.0,658.0,6218.0,1.0,0:19,0:41,1:37,3:47,72.0,80.7,73.9,6.8
2024-07-06,67.18658447265625,2752.0,3.048,30269.0,14.0,34.0,51.0,149.0,0.0,794.0,5508.0,1.0,0:19,0:41,1:37,3:47,74.0,80.4,73.0,7.4
2024-07-07,197.4424591064453,18637.0,432.816,27420.0,5.0,42.0,48.0,173.0,0.0,1697.0,21495.0,142.0,0:19,0:41,1:36,3:44,89.0,83.2,89.6,-6.4
2024-07-08,0.0,30286.0,0.0,27194.0,24.0,25.0,50.0,169.0,0.0,668.0,4903.0,0.0,0:19,0:41,1:36,3:45,73.0,81.2,77.7,3.5
2024-07-09,5.104644775390625,1010.0,6.478,23100.0,22.0,27.0,52.0,116.0,0.0,294.0,4438.0,2.12533,0:19,0:41,1:37,3:45,79.0,79.4,68.0,11.4
2024-07-10,182.5615692138672,11253.0,91.673,25762.0,24.0,30.0,51.0,166.0,0.0,798.0,12229.0,30.07644,0:19,0:41,1:37,3:46,81.0,81.8,83.3,-1.4
2024-07-11,0.0,766.0,9.144,25950.0,28.0,25.0,51.0,96.0,0.0,92.0,3337.0,3.0,0:19,0:41,1:37,3:47,81.0,79.9,72.2,7.7
2024-07-12,195.3409423828125,11744.0,50.729,23820.0,12.0,36.0,53.0,166.0,0.0,916.0,13464.0,16.64337,0:19,0:41,1:37,3:47,81.0,82.6,88.6,-5.9
2024-07-13,54.60310363769531,2575.0,12.404,29880.0,8.0,41.0,50.0,142.0,0.0,930.0,4685.0,4.06955,0:19,0:41,1:37,3:47,82.0,82.0,84.1,-2.1
2024-07-14,329.51580810546875,18933.0,310.896,28302.0,5.0,45.0,50.0,177.0,0.0,1859.0,22787.0,102.0,0:19,0:41,1:36,3:44,83.0,87.8,116.7,-28.9
2024-07-15,0.0,1202.0,4.722,25740.0,38.0,22.0,52.0,105.0,0.0,185.0,5281.0,1.54921,0:19,0:41,1:36,3:44,78.0,85.7,101.2,-15.5
2024-07-16,179.55581665039062,11250.0,101.261,24321.0,22.0,30.0,48.0,171.0,0.0,827.0,13294.0,33.22211,0:19,0:41,1:36,3:44,87.0,87.9,111.6,-23.7
2024-07-17,6.5673675537109375,1375.0,6.266,22080.0,24.0,25.0,50.0,115.0,0.0,377.0,6025.0,2.05577,0:19,0:41,1:36,3:45,77.0,86.0,97.6,-11.6
2024-07-18,0.0,28731.0,6.096,24336.0,17.0,34.0,55.0,158.0,0.0,764.0,4895.0,2.0,0:19,0:41,1:36,3:45,71.0,84.0,84.6,-0.6
2024-07-19,213.38262939453125,12784.0,42.896,23534.0,7.0,31.0,49.0,168.0,0.0,1082.0,19990.0,14.07349,0:19,0:41,1:36,3:45,69.0,87.0,101.8,-14.7
2024-07-20,26.540786743164062,1725.0,20.423,31380.0,8.0,42.0,55.0,149.0,0.0,784.0,7580.0,6.70046,0:19,0:41,1:36,3:45,61.0,85.6,91.8,-6.1
2024-07-21,237.33795166015625,22365.0,544.614,31049.0,11.0,33.0,49.0,177.0,0.0,1865.0,27243.0,178.67913,0:19,0:41,1:36,3:45,84.0,89.2,111.1,-21.9
2024-07-22,0.0,1148.0,20.209,24041.0,41.0,20.0,49.0,103.0,0.0,148.0,5044.0,6.63025,0:19,0:41,1:37,3:45,81.0,87.1,96.3,-9.3
2024-07-23,211.1403350830078,12692.0,80.138,27461.0,22.0,31.0,48.0,175.0,0.0,1098.0,17379.0,26.29199,0:19,0:41,1:36,3:45,84.0,90.0,111.6,-21.6
2024-07-24,6.19677734375,1688.0,25.001,26400.0,59.0,20.0,48.0,118.0,0.0,509.0,7417.0,8.20243,0:19,0:41,1:37,3:46,84.0,88.0,97.6,-9.6
2024-07-25,192.8631591796875,12319.0,89.255,26677.0,33.0,27.0,46.0,170.0,0.0,1053.0,17236.0,29.28314,0:19,0:41,1:37,3:45,87.0,90.5,110.3,-19.8
2024-07-26,9.490158081054688,2070.0,27.432,21660.0,23.0,23.0,46.0,117.0,0.0,490.0,9097.0,9.0,0:19,0:41,1:37,3:46,79.0,88.6,96.9,-8.3
2024-07-27,90.65452575683594,10260.0,78.361,22920.0,5.0,52.0,52.0,156.0,0.0,1136.0,15891.0,25.70899,0:19,0:41,1:37,3:46,39.0,88.7,96.0,-7.4
2024-07-28,275.1715393066406,19180.0,348.406,29359.0,5.0,43.0,50.0,175.0,0.0,1556.0,19301.0,114.30643,0:19,0:41,1:36,3:45,84.0,93.0,119.9,-26.8
2024-07-29,11.3697509765625,1953.0,30.48,24540.0,41.0,21.0,50.0,125.0,0.0,586.0,8584.0,10.0,0:19,0:41,1:36,3:45,65.0,91.1,105.4,-14.3
2024-07-30,0.0,1207.0,27.434,24300.0,42.0,17.0,50.0,96.0,0.0,129.0,5265.0,9.00066,0:19,0:41,1:36,3:45,88.0,89.0,91.4,-2.4
2024-07-31,195.3507080078125,13721.0,55.731,20940.0,16.0,30.0,49.0,166.0,0.0,1067.0,17754.0,18.28445,0:19,0:41,1:36,3:45,78.0,91.5,105.2,-13.8
2024-08-01,0.0,30446.0,2.032,27120.0,20.0,32.0,49.0,161.0,0.0,784.0,5012.0,0.66667,0:19,0:41,1:36,3:45,81.0,89.3,91.2,-1.9
2024-08-02,211.68983459472656,14698.0,53.589000000000006,25800.0,27.0,34.0,53.0,164.0,0.0,896.0,13584.0,17.58169,0:19,0:41,1:36,3:44,59.0,92.2,107.3,-15.1
2024-08-03,16.7979736328125,11727.0,5.382,31680.0,30.0,24.0,50.0,129.0,0.0,649.0,15052.0,1.76575,0:19,0:41,1:36,3:44,65.0,90.4,95.2,-4.8
2024-08-04,262.28936767578125,21461.0,22.407,25800.0,26.0,29.0,51.0,171.0,0.0,1196.0,20812.0,7.35138,0:19,0:41,1:36,3:44,73.0,94.5,117.5,-23.0
2024-08-05,157.96170043945312,15764.0,12.758,34320.0,22.0,31.0,47.0,168.0,0.0,807.0,16716.0,4.1857,0:19,0:41,1:36,3:44,81.0,96.0,122.9,-26.9
2024-08-06,43.871978759765625,8983.0,5.016,25680.0,23.0,29.0,52.0,147.0,0.0,655.0,10530.0,1.64567,0:19,0:41,1:36,3:44,66.0,94.7,112.3,-17.6
2024-08-07,0.0,5477.0,2.318,33735.0,73.0,22.0,49.0,99.0,0.0,209.0,6998.0,0.7605,0:19,0:41,1:36,3:44,76.0,92.5,97.4,-4.9
2024-08-08,5.4002838134765625,4526.0,6.713,18060.0,29.0,29.0,47.0,117.0,0.0,350.0,5770.0,2.20243,0:19,0:41,1:36,3:44,74.0,90.5,85.1,5.3
2024-08-09,244.2601623535156,25233.0,296.296,21125.0,5.0,55.0,51.0,171.0,0.0,1630.0,25847.0,97.20997,0:19,0:41,1:36,3:43,73.0,94.1,106.3,-12.2
2024-08-10,3.73321533203125,14609.0,199.699,25080.0,31.0,32.0,52.0,114.0,0.0,495.0,19553.0,65.51804,0:19,0:41,1:36,3:43,29.0,92.0,92.7,-0.7
2024-08-11,146.0811004638672,20672.0,580.06,29640.0,12.0,39.0,49.0,161.0,0.0,1278.0,23110.0,190.3084,0:19,0:41,1:36,3:43,77.0,93.2,99.8,-6.5
2024-08-12,9.05609130859375,14556.0,238.369,25096.0,5.0,39.0,54.0,124.0,0.0,695.0,18038.0,78.20505,0:19,0:41,1:36,3:43,47.0,91.2,87.7,3.5
2024-08-13,44.35568237304688,9889.0,740.922,30324.0,8.0,44.0,54.0,141.0,0.0,904.0,15495.0,243.08465,0:19,0:41,1:36,3:43,44.0,90.1,81.9,8.2
2024-08-14,161.30484008789062,16221.0,76.199,25140.0,15.0,33.0,54.0,166.0,0.0,1040.0,16484.0,24.99967,0:19,0:41,1:36,3:43,88.0,91.8,92.5,-0.7
2024-08-15,0.0,7732.0,16.547,25080.0,29.0,25.0,52.0,98.0,0.0,182.0,9880.0,5.42881,0:19,0:41,1:36,3:43,83.0,89.7,80.2,9.5
2024-08-16,0.0,9907.0,46.056,23520.0,20.0,31.0,56.0,105.0,0.0,258.0,12638.0,15.11024,0:19,0:41,1:36,3:44,48.0,87.5,69.5,18.0
2024-08-17,14.081466674804688,5730.0,11.249,24461.0,21.0,26.0,51.0,125.0,0.0,543.0,7315.0,3.69062,0:19,0:41,1:36,3:44,78.0,85.8,62.1,23.7
2024-08-18,0.0,4498.0,36.74,22380.0,34.0,23.0,49.0,104.0,0.0,106.0,5727.0,12.05381,0:19,0:42,1:37,3:45,80.0,83.8,53.9,29.9
2024-08-19,0.0,5585.0,9.976,28080.0,32.0,23.0,45.0,98.0,0.0,153.0,7136.0,3.27297,0:19,0:42,1:37,3:45,91.0,81.8,46.7,35.1
2024-08-20,56.23396301269531,8147.0,2.262,28849.0,21.0,29.0,44.0,143.0,0.0,579.0,8530.0,0.74213,0:19,0:42,1:37,3:46,92.0,81.2,48.0,33.3
2024-08-21,3.47686767578125,3630.0,0.0,28674.0,28.0,28.0,48.0,109.0,0.0,308.0,4639.0,0.0,0:19,0:42,1:37,3:46,58.0,79.4,42.0,37.4
2024-08-22,251.9044189453125,17877.0,121.92,23160.0,8.0,36.0,49.0,183.0,0.0,1235.0,17916.0,40.0,0:19,0:42,1:37,3:45,67.0,83.5,70.0,13.5
2024-08-23,72.35195922851562,8910.0,0.0,30000.0,24.0,27.0,49.0,148.0,0.0,645.0,8942.0,0.0,0:19,0:42,1:37,3:46,67.0,83.2,70.3,12.9
2024-08-24,241.40269470214844,21723.0,300.198,21780.0,32.0,32.0,48.0,169.0,0.0,1448.0,21004.0,98.49016,0:19,0:42,1:36,3:44,77.0,86.9,93.1,-6.2
2024-08-25,3.3904571533203125,3288.0,3.048,30263.0,27.0,24.0,47.0,110.0,0.0,250.0,4201.0,1.0,0:19,0:42,1:37,3:45,83.0,85.0,81.1,3.8
2024-08-26,173.59226989746094,15170.0,241.336,25680.0,21.0,32.0,47.0,176.0,0.0,1022.0,15434.0,79.17848,0:19,0:41,1:36,3:44,72.0,87.0,93.4,-6.4
2024-08-27,5.235443115234375,4385.0,24.384,26520.0,41.0,22.0,48.0,121.0,0.0,281.0,5603.0,8.0,0:19,0:41,1:36,3:44,83.0,85.1,81.7,3.4
2024-08-28,4.8167572021484375,4096.0,10.249,24337.0,35.0,26.0,47.0,116.0,0.0,277.0,5234.0,3.36253,0:19,0:42,1:37,3:45,81.0,83.2,71.5,11.8
2024-08-29,0.0,2428.0,2.185,26640.0,27.0,26.0,45.0,103.0,0.0,94.0,3073.0,0.71686,0:19,0:42,1:37,3:45,92.0,81.3,62.0,19.3
2024-08-30,296.323974609375,16466.0,61.183,20400.0,5.0,41.0,49.0,176.0,0.0,959.0,15451.0,20.07316,0:19,0:41,1:36,3:43,72.0,86.3,93.2,-6.8
2024-08-31,10.774703979492188,5667.0,14.181,29160.0,8.0,38.0,48.0,123.0,0.0,507.0,7227.0,4.65256,0:19,0:41,1:36,3:43,70.0,84.5,82.2,2.4
2024-09-01,260.6690673828125,22637.0,329.801,31452.0,11.0,37.0,49.0,178.0,0.0,1677.0,23082.0,108.20243,0:19,0:41,1:36,3:43,88.0,88.7,105.9,-17.3
2024-09-02,0.0,4914.0,33.527,23907.0,20.0,31.0,50.0,111.0,0.0,213.0,6274.0,10.99967,0:19,0:41,1:36,3:43,60.0,86.6,91.8,-5.2
2024-09-03,16.415328979492188,6208.0,21.336,27900.0,43.0,23.0,49.0,129.0,0.0,453.0,7933.0,7.0,0:19,0:41,1:36,3:43,81.0,85.0,81.8,3.2
2024-09-04,172.1620635986328,15744.0,59.416,23580.0,28.0,29.0,48.0,161.0,0.0,895.0,14971.0,19.49344,0:19,0:41,1:36,3:42,75.0,87.0,93.8,-6.8
2024-09-05,267.9045104980469,14259.0,56.362,25140.0,26.0,29.0,47.0,168.0,0.0,781.0,12835.0,18.49147,0:19,0:41,1:35,3:41,88.0,91.3,117.0,-25.7
2024-09-06,10.40704345703125,7100.0,19.112,22560.0,29.0,28.0,49.0,131.0,0.0,493.0,9035.0,6.27034,0:19,0:41,1:35,3:42,80.0,89.4,102.8,-13.5
2024-09-07,394.72747802734375,25384.0,448.056,31111.0,9.0,31.0,48.0,180.0,0.0,1879.0,25771.0,147.0,0:19,0:41,1:35,3:40,81.0,96.5,141.7,-45.1
2024-09-08,50.4974365234375,6958.0,12.192,31380.0,8.0,42.0,53.0,149.0,0.0,503.0,6887.0,4.0,0:19,0:41,1:35,3:40,81.0,95.5,129.5,-34.1
2024-09-09,245.48501586914065,14257.0,105.741,27420.0,27.0,22.0,49.0,180.0,0.0,770.0,13144.0,34.69193,0:19,0:41,1:34,3:40,87.0,99.0,145.0,-46.0
2024-09-10,6.632827758789063,4649.0,16.292,15780.0,10.0,38.0,53.0,119.0,0.0,304.0,5940.0,5.34514,0:19,0:41,1:35,3:40,44.0,96.8,126.6,-29.7
2024-09-11,251.3947906494141,16224.0,55.808,22260.0,10.0,34.0,48.0,171.0,0.0,873.0,14718.0,18.30971,0:19,0:41,1:34,3:40,85.0,100.5,143.2,-42.7
2024-09-12,0.0,3389.0,6.096,25380.0,27.0,27.0,53.0,105.0,0.0,168.0,4331.0,2.0,0:19,0:41,1:34,3:40,73.0,98.1,124.1,-26.0
2024-09-13,130.55044555664062,12692.0,95.554,22860.0,9.0,35.0,50.0,163.0,0.0,660.0,12955.0,31.34974,0:19,0:41,1:34,3:39,69.0,98.9,125.0,-26.1
2024-09-14,12.232208251953123,5074.0,7.895,30880.0,18.0,35.0,52.0,138.0,0.0,454.0,6319.0,2.59022,0:19,0:41,1:34,3:39,79.0,96.8,110.0,-13.1
2024-09-15,367.3740539550781,23229.0,370.467,28380.0,10.0,35.0,47.0,192.0,0.0,1539.0,22271.0,121.54429,0:19,0:41,1:34,3:37,96.0,103.2,144.2,-41.0
2024-09-16,18.67083740234375,4213.0,17.192,25993.0,27.0,25.0,50.0,145.0,0.0,391.0,5355.0,5.64042,0:19,0:41,1:34,3:37,79.0,101.2,127.5,-26.3
2024-09-17,0.0,4369.0,15.239,22600.0,35.0,22.0,49.0,129.0,0.0,144.0,5473.0,4.99967,0:19,0:41,1:34,3:37,77.0,98.8,110.5,-11.7
2024-09-18,3.683380126953125,6118.0,2.167,22554.0,30.0,22.0,48.0,125.0,0.0,284.0,7817.0,0.71096,0:19,0:41,1:34,3:37,77.0,96.6,96.3,0.3
2024-09-19,56.759368896484375,5953.0,11.207,21960.0,5.0,45.0,48.0,153.0,0.0,521.0,5677.0,3.67684,0:19,0:41,1:34,3:37,80.0,95.6,91.0,4.6
2024-09-20,173.3517303466797,14872.0,87.23,22560.0,5.0,38.0,51.0,165.0,0.0,832.0,14451.0,28.61877,0:19,0:41,1:34,3:37,73.0,97.5,102.0,-4.5
2024-09-21,392.9918823242188,21378.0,716.526,34620.0,5.0,41.0,53.0,188.0,0.0,1749.0,21735.0,235.08071,0:19,0:41,1:33,3:36,69.0,104.4,140.7,-36.3
2024-09-22,0.0,5376.0,15.724,30748.0,19.0,36.0,54.0,112.0,0.0,303.0,6870.0,5.15879,0:19,0:41,1:34,3:37,69.0,102.0,122.0,-20.0
2024-09-23,0.0,3843.0,15.24,27600.0,41.0,22.0,49.0,103.0,0.0,138.0,4855.0,5.0,0:19,0:41,1:33,3:36,92.0,99.6,105.8,-6.2
2024-09-24,133.1288604736328,11174.0,110.238,21972.0,16.0,38.0,50.0,164.0,0.0,600.0,10695.0,36.16732,0:19,0:41,1:34,3:37,80.0,100.4,109.4,-9.1
2024-09-25,15.54364013671875,5094.0,18.378,22538.0,17.0,32.0,53.0,134.0,0.0,412.0,6375.0,6.02953,0:19,0:41,1:33,3:36,72.0,98.4,96.9,1.4
2024-09-26,171.95042419433594,11858.0,58.467,24152.0,26.0,29.0,47.0,168.0,0.0,603.0,11832.0,19.18209,0:19,0:41,1:33,3:36,82.0,100.1,106.9,-6.8
2024-09-27,0.0,4418.0,4.129,27940.0,36.0,20.0,48.0,107.0,0.0,156.0,5632.0,1.35466,0:19,0:41,1:33,3:36,91.0,97.7,92.7,5.1
2024-09-28,9.455230712890623,4412.0,19.86,31740.0,27.0,35.0,54.0,124.0,0.0,392.0,5572.0,6.51575,0:19,0:41,1:33,3:36,72.0,95.7,81.6,14.1
2024-09-29,483.10400390625,20723.0,687.348,24660.0,8.0,37.0,48.0,194.0,0.0,1666.0,20611.0,225.50787,0:19,0:41,1:33,3:36,92.0,104.8,135.0,-30.3
2024-09-30,0.0,3382.0,8.205,25345.0,27.0,27.0,53.0,103.0,0.0,125.0,4322.0,2.69193,0:19,0:41,1:33,3:36,74.0,102.3,117.1,-14.8
2024-10-01,137.62379455566406,14888.0,44.501,22440.0,10.0,36.0,52.0,161.0,0.0,752.0,15631.0,14.60007,0:19,0:41,1:33,3:36,52.0,103.1,119.8,-16.7
2024-10-02,0.0,2378.0,19.851,32820.0,51.0,18.0,48.0,102.0,0.0,82.0,2996.0,6.5128,0:19,0:41,1:33,3:36,88.0,100.7,103.9,-3.1
2024-10-03,3.639328002929688,4607.0,15.301,24960.0,40.0,23.0,47.0,117.0,0.0,245.0,5870.0,5.02001,0:19,0:41,1:33,3:37,81.0,98.4,90.5,7.9
2024-10-04,12.71246337890625,4932.0,8.373000000000001,22341.0,15.0,33.0,46.0,123.0,0.0,410.0,6302.0,2.74705,0:19,0:41,1:33,3:36,85.0,96.4,80.2,16.3
2024-10-05,11.003875732421877,4947.0,12.192,28320.0,6.0,42.0,53.0,123.0,0.0,344.0,6321.0,4.0,0:19,0:41,1:34,3:37,34.0,94.4,71.0,23.5
2024-10-06,313.07423400878906,22002.0,260.228,34590.0,17.0,34.0,51.0,175.0,0.0,1740.0,21696.0,85.37664,0:19,0:41,1:34,3:37,83.0,99.5,103.2,-3.6
2024-10-07,0.0,5363.0,0.0,24180.0,11.0,38.0,50.0,110.0,0.0,297.0,6853.0,0.0,0:19,0:41,1:34,3:37,81.0,97.2,89.4,7.8
2024-10-08,142.54664611816406,12752.0,106.68,22740.0,6.0,39.0,49.0,172.0,0.0,757.0,12646.0,35.0,0:19,0:41,1:34,3:37,71.0,98.3,96.5,1.8
2024-10-09,10.195999145507812,4076.0,5.15,24300.0,29.0,26.0,53.0,138.0,0.0,322.0,5075.0,1.68963,0:19,0:41,1:34,3:37,75.0,96.2,85.0,11.2
2024-10-10,198.982162475586,16703.0,124.968,24900.0,5.0,44.0,51.0,168.0,0.0,952.0,15957.0,41.0,0:19,0:41,1:33,3:36,78.0,98.6,100.2,-1.6
2024-10-11,0.0,11782.0,9.144,22320.0,23.0,25.0,53.0,104.0,0.0,349.0,15032.0,3.0,0:19,0:41,1:34,3:37,61.0,96.3,86.9,9.4
2024-10-12,319.13116455078125,26945.0,192.991,32949.0,5.0,37.0,54.0,184.0,0.0,1847.0,25562.0,63.31726,0:19,0:41,1:33,3:35,74.0,101.5,117.8,-16.2
2024-10-13,62.913482666015625,24457.0,97.536,28200.0,22.0,34.0,55.0,153.0,0.0,1054.0,13771.0,32.0,0:19,0:41,1:33,3:35,47.0,100.6,110.5,-9.8
2024-10-14,199.87759399414065,18858.0,58.038,30780.0,18.0,33.0,52.0,165.0,0.0,1053.0,18124.0,19.04134,0:19,0:41,1:33,3:35,80.0,103.0,122.4,-19.4
2024-10-15,29.115524291992188,12779.0,20.709,27900.0,40.0,32.0,55.0,149.0,0.0,795.0,16309.0,6.79429,0:19,0:41,1:33,3:35,44.0,101.2,110.0,-8.7
2024-10-16,156.54696655273438,25777.0,33.528,21060.0,11.0,41.0,53.0,171.0,0.0,1351.0,28626.0,11.0,0:19,0:41,1:33,3:35,82.0,102.5,116.2,-13.6
2024-10-17,0.0,1947.0,0.0,21720.0,34.0,30.0,54.0,106.0,0.0,139.0,2473.0,0.0,0:19,0:41,1:33,3:35,79.0,100.1,100.7,-0.6
2024-10-18,187.327865600586,16144.0,64.008,3720.0,5.0,39.0,57.0,175.0,0.0,895.0,16304.0,21.0,0:19,0:41,1:33,3:35,0.0,102.2,112.2,-10.1
2024-10-19,11.51275634765625,6135.0,7.776,36758.0,27.0,30.0,52.0,122.0,0.0,509.0,7827.0,2.55118,0:19,0:41,1:33,3:35,41.0,100.0,98.8,1.2
2024-10-20,318.7310791015625,24004.0,589.751,32444.0,8.0,34.0,49.0,175.0,0.0,1835.0,24764.0,193.48786,0:19,0:41,1:33,3:35,81.0,105.2,128.1,-22.9
2024-10-21,131.38235473632812,11463.0,100.998,27540.0,24.0,28.0,53.0,160.0,0.0,650.0,10879.0,33.13583,0:19,0:41,1:33,3:35,81.0,105.8,128.5,-22.7
2024-10-22,7.7451324462890625,5231.0,3.374,22531.0,17.0,28.0,52.0,115.0,0.0,324.0,6684.0,1.10696,0:19,0:41,1:33,3:35,40.0,103.5,112.5,-9.0
2024-10-23,0.0,6096.0,20.292,21442.0,14.0,30.0,52.0,105.0,0.0,212.0,7789.0,6.65748,0:19,0:41,1:33,3:35,73.0,101.1,97.5,3.6
2024-10-24,191.31936645507807,17557.0,88.391,27000.0,5.0,47.0,54.0,170.0,0.0,1054.0,17458.0,28.99967,0:19,0:40,1:33,3:34,81.0,103.2,110.0,-6.8
2024-10-25,190.93836975097656,16591.0,85.579,28020.0,13.0,35.0,54.0,173.0,0.0,945.0,16669.0,28.0771,0:19,0:40,1:32,3:34,48.0,105.2,120.8,-15.5
2024-10-26,10.513504028320312,17406.0,30.564,28560.0,24.0,29.0,52.0,124.0,0.0,661.0,22241.0,10.02756,0:19,0:40,1:32,3:34,85.0,103.0,106.1,-3.1
2024-10-27,289.99884033203125,27901.0,468.382,28860.0,19.0,27.0,46.0,171.0,0.0,1714.0,27945.0,153.66864,0:19,0:40,1:32,3:31,91.0,107.4,130.6,-23.1
2024-10-28,0.0,2404.0,2.43,26040.0,39.0,26.0,50.0,103.0,0.0,114.0,3072.0,0.79724,0:19,0:40,1:32,3:32,79.0,104.9,113.2,-8.3
2024-10-29,120.2180633544922,12057.0,70.104,24703.0,25.0,34.0,49.0,160.0,0.0,663.0,11946.0,23.0,0:19,0:40,1:32,3:32,79.0,105.2,114.1,-8.9
2024-10-30,12.452499389648438,4392.0,2.3,23207.0,35.0,22.0,47.0,126.0,0.0,339.0,5497.0,0.75459,0:19,0:40,1:32,3:32,85.0,103.1,100.6,2.5
2024-10-31,162.6399383544922,12929.0,59.0,25980.0,17.0,28.0,50.0,171.0,0.0,744.0,12602.0,19.35696,0:19,0:40,1:32,3:32,81.0,104.5,108.8,-4.4
2024-11-01,0.0,5583.0,27.641,29760.0,36.0,27.0,52.0,114.0,0.0,197.0,7134.0,9.06857,0:19,0:40,1:32,3:32,82.0,102.0,94.4,7.7
2024-11-02,366.21588134765625,23326.0,983.139,24392.0,7.0,39.0,49.0,175.0,0.0,1777.0,26991.0,322.55217,0:19,0:40,1:32,3:32,75.0,108.2,130.5,-22.3
2024-11-03,0.0,22483.0,347.472,29460.0,8.0,41.0,54.0,138.0,0.0,608.0,10266.0,114.0,0:19,0:40,1:32,3:32,34.0,105.7,113.2,-7.5
2024-11-04,119.8938446044922,12361.0,74.986,26640.0,34.0,24.0,49.0,157.0,0.0,637.0,12276.0,24.60171,0:19,0:40,1:32,3:32,83.0,106.0,114.1,-8.0
2024-11-05,9.8837890625,5032.0,8.297,23460.0,34.0,20.0,47.0,124.0,0.0,334.0,6430.0,2.72211,0:19,0:40,1:32,3:32,85.0,103.8,100.2,3.6
2024-11-06,223.3582000732422,17470.0,70.926,24240.0,14.0,35.0,47.0,168.0,0.0,917.0,17172.0,23.26969,0:19,0:40,1:32,3:31,87.0,106.6,116.6,-10.0
2024-11-07,0.0,4496.0,2.261,25320.0,34.0,25.0,53.0,108.0,0.0,142.0,5738.0,0.7418,0:19,0:40,1:32,3:31,72.0,104.1,101.1,3.0
2024-11-08,5.467575073242188,5479.0,15.24,21040.0,33.0,19.0,47.0,123.0,0.0,334.0,6893.0,5.0,0:19,0:40,1:32,3:32,71.0,101.7,88.3,13.4
2024-11-09,152.19419860839844,19285.0,122.776,26280.0,11.0,38.0,48.0,165.0,0.0,984.0,19498.0,40.28084,0:19,0:40,1:32,3:31,84.0,102.9,96.8,6.1
2024-11-10,303.1434326171875,28105.0,738.844,28831.0,5.0,41.0,48.0,174.0,0.0,1963.0,29018.0,242.40289,0:19,0:40,1:32,3:28,91.0,107.6,124.3,-16.7
2024-11-11,0.0,2553.0,0.0,27215.0,47.0,20.0,52.0,97.0,0.0,73.0,3248.0,0.0,0:19,0:40,1:32,3:28,75.0,105.1,107.8,-2.7
2024-11-12,11.983551025390623,4508.0,11.427,22069.0,32.0,20.0,50.0,132.0,0.0,318.0,5696.0,3.74902,0:19,0:40,1:31,3:28,74.0,102.9,95.0,7.9
2024-11-13,106.08628845214844,10868.0,85.855,24420.0,26.0,26.0,48.0,152.0,0.0,567.0,10860.0,28.16765,0:19,0:40,1:32,3:28,73.0,103.0,96.5,6.5
2024-11-14,0.0,3294.0,18.288,28380.0,33.0,21.0,47.0,112.0,0.0,123.0,4192.0,6.0,0:19,0:40,1:32,3:29,83.0,100.6,83.6,16.9
2024-11-15,210.36871337890625,17146.0,65.349,23280.0,22.0,29.0,47.0,174.0,0.0,888.0,16745.0,21.43996,0:19,0:40,1:32,3:28,86.0,103.1,100.5,2.6
2024-11-16,182.10118103027344,22584.0,161.543,23940.0,19.0,33.0,51.0,164.0,0.0,1138.0,25585.0,52.99967,0:19,0:40,1:31,3:28,64.0,105.0,111.4,-6.4
2024-11-17,334.6185913085937,28582.0,914.92,33540.0,9.0,38.0,48.0,187.0,0.0,2003.0,28573.0,300.1706,0:19,0:40,1:31,3:25,88.0,110.4,141.1,-30.7
2024-11-18,0.0,5488.0,3.832,23669.0,34.0,25.0,50.0,100.0,0.0,188.0,7013.0,1.25722,0:19,0:40,1:31,3:25,58.0,107.8,122.3,-14.5
2024-11-19,0.0,3376.0,24.43,18313.0,29.0,21.0,46.0,98.0,0.0,93.0,4314.0,8.01509,0:19,0:40,1:31,3:25,69.0,105.3,106.0,-0.8
2024-11-20,7.106460571289063,3432.0,6.485,24317.0,25.0,29.0,52.0,118.0,0.0,261.0,4385.0,2.12762,0:19,0:40,1:31,3:25,73.0,103.0,92.9,10.1
2024-11-21,1.4192657470703125,4918.0,6.661,22047.0,29.0,21.0,48.0,107.0,0.0,217.0,6284.0,2.18537,0:19,0:40,1:31,3:25,80.0,100.6,80.7,19.9
2024-11-22,4.4179229736328125,4849.0,8.287,21454.0,23.0,24.0,45.0,114.0,0.0,231.0,6174.0,2.71883,0:19,0:40,1:32,3:26,79.0,98.3,70.5,27.8
2024-11-23,10.575393676757812,3594.0,10.332,34200.0,14.0,39.0,52.0,117.0,0.0,329.0,4491.0,3.38976,0:19,0:40,1:32,3:26,46.0,96.2,62.6,33.7
2024-11-24,213.2918243408203,12379.0,76.925,31186.0,13.0,34.0,48.0,174.0,0.0,874.0,11347.0,25.23786,0:19,0:40,1:32,3:26,91.0,99.0,82.6,16.4
2024-11-25,0.0,3461.0,2.192,26160.0,28.0,27.0,51.0,103.0,0.0,141.0,4422.0,0.71916,0:19,0:40,1:32,3:26,75.0,96.7,71.6,25.1
2024-11-26,133.62574768066406,10620.0,58.02,23622.0,30.0,25.0,49.0,159.0,0.0,628.0,10175.0,19.03543,0:19,0:40,1:31,3:25,79.0,97.5,79.9,17.7
2024-11-27,22.3572998046875,4436.0,7.29,20683.0,15.0,29.0,50.0,145.0,0.0,459.0,5668.0,2.39173,0:19,0:40,1:31,3:25,73.0,95.8,72.2,23.6
2024-11-28,0.0,4931.0,7.347,24440.0,22.0,27.0,49.0,108.0,0.0,218.0,6288.0,2.41043,0:19,0:40,1:31,3:25,79.0,93.5,62.6,30.9
2024-11-29,145.5835723876953,13690.0,73.835,24320.0,6.0,40.0,53.0,155.0,0.0,759.0,13534.0,24.22408,0:19,0:40,1:31,3:25,73.0,94.7,73.6,21.1
2024-11-30,33.379913330078125,6372.0,17.64,26580.0,9.0,39.0,53.0,147.0,0.0,512.0,7918.0,5.7874,0:19,0:40,1:32,3:26,45.0,93.3,68.3,25.0
2024-12-01,300.3536376953125,29995.0,50.911,21720.0,5.0,37.0,51.0,169.0,0.0,1791.0,28116.0,16.70308,0:19,0:40,1:31,3:24,74.0,98.2,99.2,-1.0
2024-12-02,0.0,3587.0,0.0,26800.0,49.0,20.0,51.0,99.0,0.0,110.0,4583.0,0.0,0:19,0:40,1:31,3:24,82.0,95.9,86.0,9.9
2024-12-03,174.91578674316406,14273.0,113.254,20059.0,14.0,33.0,47.0,172.0,0.0,776.0,13648.0,37.15682,0:19,0:40,1:31,3:23,78.0,97.7,97.8,-0.1
2024-12-04,13.508804321289062,3926.0,17.672,25080.0,27.0,29.0,47.0,126.0,0.0,433.0,4995.0,5.7979,0:19,0:40,1:31,3:23,83.0,95.7,86.6,9.1
2024-12-05,187.3194732666016,14301.0,70.104,22800.0,15.0,34.0,51.0,160.0,0.0,803.0,13692.0,23.0,0:19,0:40,1:31,3:24,73.0,97.9,100.0,-2.1
2024-12-06,202.49842834472656,19982.0,238.551,29580.0,18.0,32.0,51.0,176.0,0.0,1060.0,20888.0,78.26476,0:19,0:40,1:31,3:23,82.0,100.4,113.6,-13.3
2024-12-07,277.6893310546875,29480.0,741.496,31020.0,14.0,34.0,53.0,184.0,0.0,1894.0,33798.0,243.27297,0:19,0:40,1:31,3:23,77.0,104.5,135.5,-31.0
2024-12-08,29.839675903320312,6644.0,15.36,27180.0,6.0,43.0,54.0,154.0,0.0,752.0,8453.0,5.03937,0:19,0:40,1:31,3:24,77.0,102.8,121.4,-18.6
2024-12-09,0.0,2839.0,11.455,26133.0,34.0,24.0,53.0,104.0,0.0,100.0,3628.0,3.7582,0:19,0:40,1:31,3:24,67.0,100.4,105.3,-4.9
2024-12-10,246.56475830078125,13817.0,39.624,24147.0,19.0,32.0,49.0,160.0,0.0,789.0,12893.0,13.0,0:19,0:40,1:31,3:23,84.0,103.8,124.1,-20.3
2024-12-11,226.1607666015625,12924.0,9.144,0.0,5.0,45.0,55.0,179.0,0.0,764.0,11490.0,3.0,0:19,0:40,1:31,3:23,0.0,106.7,137.7,-31.0
2024-12-12,0.0,3002.0,4.929,26540.0,22.0,27.0,52.0,101.0,0.0,126.0,3835.0,1.61713,0:19,0:40,1:31,3:23,84.0,104.2,119.3,-15.2
2024-12-13,224.61294555664065,17551.0,55.159,22533.0,5.0,36.0,50.0,172.0,0.0,1127.0,17113.0,18.09678,0:19,0:40,1:31,3:23,81.0,107.0,133.3,-26.4
2024-12-14,0.0,2942.0,5.09,31800.0,19.0,35.0,56.0,108.0,0.0,137.0,3649.0,1.66995,0:19,0:40,1:31,3:23,49.0,104.5,115.6,-11.1
2024-12-15,266.3889923095703,27022.0,990.6,28815.0,8.0,38.0,48.0,183.0,0.0,2051.0,28585.0,325.0,0:19,0:40,1:30,3:22,92.0,108.3,135.7,-27.4
2024-12-16,0.0,1827.0,0.0,24420.0,33.0,26.0,55.0,106.0,0.0,100.0,2334.0,0.0,0:19,0:40,1:30,3:22,63.0,105.7,117.6,-11.9
2024-12-17,1.343780517578125,4625.0,13.125,19200.0,22.0,23.0,49.0,112.0,0.0,200.0,5910.0,4.3061,0:19,0:40,1:31,3:22,69.0,103.3,102.1,1.2
2024-12-18,0.0,3740.0,6.772,23700.0,33.0,23.0,50.0,101.0,0.0,146.0,4753.0,2.22178,0:19,0:40,1:31,3:22,79.0,100.9,88.5,12.3
2024-12-19,0.0,4802.0,0.0,24660.0,18.0,32.0,47.0,102.0,0.0,243.0,6120.0,0.0,0:19,0:40,1:31,3:23,87.0,98.5,76.8,21.7
2024-12-20,2.752227783203125,3820.0,3.048,19920.0,24.0,31.0,53.0,107.0,0.0,226.0,4881.0,1.0,0:19,0:40,1:31,3:22,44.0,96.2,66.9,29.3
2024-12-21,16.563796997070312,4707.0,15.24,28380.0,6.0,41.0,51.0,123.0,0.0,654.0,6014.0,5.0,0:19,0:40,1:31,3:22,85.0,94.4,60.2,34.2
2024-12-22,0.0,4068.0,34.476,24720.0,33.0,27.0,50.0,100.0,0.0,101.0,5198.0,11.31102,0:19,0:40,1:31,3:23,74.0,92.1,52.2,40.0
2024-12-23,25.436447143554688,3761.0,45.973,31980.0,34.0,28.0,50.0,130.0,0.0,357.0,4806.0,15.08301,0:19,0:40,1:31,3:24,88.0,90.6,48.6,41.9
2024-12-24,57.073272705078125,4287.0,54.028,28620.0,20.0,28.0,49.0,128.0,0.0,752.0,5406.0,17.72572,0:19,0:40,1:31,3:26,95.0,89.8,49.7,40.0
2024-12-25,9.981307983398438,6525.0,59.048,21720.0,21.0,29.0,52.0,117.0,0.0,388.0,8259.0,19.3727,0:19,0:40,1:32,3:27,64.0,87.9,44.5,43.4
2024-12-26,39.4649658203125,5322.0,42.672,30325.0,33.0,30.0,51.0,129.0,0.0,513.0,6736.0,14.0,0:19,0:40,1:32,3:27,84.0,86.8,43.8,43.0
2024-12-27,47.003326416015625,5255.0,64.561,28500.0,12.0,38.0,48.0,139.0,0.0,712.0,6651.0,21.18143,0:19,0:41,1:32,3:29,83.0,85.8,44.2,41.6
2024-12-28,72.98979187011719,3313.0,37.897,24840.0,7.0,35.0,54.0,142.0,0.0,586.0,4233.0,12.4334,0:19,0:40,1:32,3:28,49.0,85.5,48.0,37.5
2024-12-29,0.0,7066.0,18.288,22871.0,16.0,28.0,53.0,103.0,0.0,190.0,9029.0,6.0,0:20,0:42,1:35,3:34,74.0,83.5,41.7,41.9
2024-12-30,14.318450927734377,9964.0,18.288,29624.0,9.0,36.0,53.0,126.0,0.0,926.0,12616.0,6.0,0:20,0:42,1:35,3:36,87.0,81.9,38.0,43.9
2024-12-31,94.97512817382812,17331.0,91.539,19920.0,5.0,40.0,53.0,155.0,0.0,857.0,18902.0,30.03248,0:19,0:42,1:35,3:35,63.0,82.2,45.6,36.6
2025-01-01,2.17236328125,11163.0,43.636,29580.0,21.0,42.0,50.0,114.0,0.0,567.0,14238.0,14.31627,0:19,0:42,1:35,3:36,38.0,80.3,39.8,40.5
2025-01-02,177.02081298828125,31118.0,99.423,30874.0,41.0,19.0,47.0,162.0,0.0,1507.0,35047.0,32.61909,0:19,0:41,1:33,3:33,91.0,82.6,58.1,24.5
2025-01-03,0.0,15867.0,35.519,25440.0,35.0,24.0,49.0,100.0,0.0,424.0,20266.0,11.65322,0:19,0:41,1:33,3:34,90.0,80.6,50.3,30.3
2025-01-04,233.123046875,21722.0,83.846,26520.0,24.0,31.0,50.0,164.0,0.0,1063.0,22025.0,27.50853,0:19,0:40,1:32,3:33,84.0,84.2,74.7,9.5
2025-01-05,1.270751953125,4490.0,10.443,30120.0,25.0,29.0,48.0,111.0,0.0,175.0,5737.0,3.42618,0:19,0:41,1:33,3:34,87.0,82.3,64.9,17.4
2025-01-06,304.8453521728516,25648.0,405.566,27900.0,16.0,36.0,53.0,174.0,0.0,1535.0,24670.0,133.05971,0:19,0:40,1:32,3:30,68.0,87.5,96.8,-9.3
2025-01-07,0.0,3875.0,6.282,22920.0,29.0,27.0,52.0,107.0,0.0,141.0,4952.0,2.06102,0:19,0:40,1:32,3:30,81.0,85.5,84.0,1.5
2025-01-08,193.59071350097656,15779.0,79.258,22181.0,13.0,28.0,49.0,151.0,0.0,1019.0,15491.0,26.00328,0:19,0:40,1:32,3:30,77.0,88.0,98.6,-10.6
2025-01-09,0.0,5984.0,18.956,23992.0,33.0,28.0,53.0,108.0,0.0,256.0,7641.0,6.21916,0:19,0:40,1:32,3:30,80.0,85.9,85.4,0.5
2025-01-10,203.27023315429688,19086.0,73.748,18960.0,11.0,32.0,51.0,163.0,0.0,1037.0,19302.0,24.19554,0:19,0:40,1:32,3:30,67.0,88.7,101.1,-12.4
2025-01-11,139.2274627685547,13919.0,82.879,30506.0,7.0,39.0,55.0,164.0,0.0,1137.0,14451.0,27.19127,0:19,0:40,1:32,3:30,48.0,89.9,106.2,-16.3
2025-01-12,396.7569427490234,21951.0,124.978,31692.0,7.0,38.0,52.0,184.0,0.0,1652.0,19311.0,41.00328,0:19,0:40,1:32,3:29,89.0,97.1,144.9,-47.8
2025-01-13,0.0,3281.0,7.433,27000.0,30.0,28.0,52.0,105.0,0.0,169.0,4174.0,2.43865,0:19,0:40,1:32,3:31,86.0,94.8,125.6,-30.8
2025-01-14,11.940872192382812,4158.0,9.891,24405.0,31.0,28.0,51.0,133.0,0.0,330.0,5303.0,3.24508,0:19,0:40,1:32,3:32,78.0,92.9,110.5,-17.6
2025-01-15,170.4383087158203,15859.0,143.256,22702.0,17.0,28.0,49.0,166.0,0.0,1101.0,15789.0,47.0,0:19,0:40,1:32,3:33,83.0,94.7,118.4,-23.8
2025-01-16,181.88034057617188,16539.0,76.2,20522.0,25.0,24.0,49.0,165.0,0.0,847.0,16314.0,25.0,0:19,0:40,1:32,3:32,63.0,96.7,126.9,-30.1
2025-01-17,125.99958801269533,16808.0,101.889,22020.0,26.0,23.0,47.0,157.0,0.0,776.0,18036.0,33.42815,0:19,0:40,1:32,3:32,78.0,97.4,126.8,-29.3
2025-01-18,38.806243896484375,6700.0,7.044,26100.0,24.0,29.0,52.0,138.0,0.0,595.0,8154.0,2.31102,0:19,0:40,1:32,3:32,84.0,96.0,115.1,-19.0
2025-01-19,280.417236328125,19370.0,92.175,24360.0,11.0,39.0,50.0,178.0,0.0,1112.0,17404.0,30.24114,0:19,0:40,1:32,3:33,80.0,100.4,137.1,-36.7
2025-01-20,0.0,3255.0,0.0,24863.0,38.0,22.0,50.0,100.0,0.0,129.0,4159.0,0.0,0:19,0:40,1:32,3:33,79.0,98.0,118.8,-20.8
2025-01-21,127.43592834472656,9985.0,61.444,24720.0,27.0,31.0,50.0,161.0,0.0,574.0,9384.0,20.15879,0:19,0:40,1:32,3:33,83.0,98.7,120.0,-21.3
2025-01-22,36.35421752929688,5554.0,4.101,21120.0,21.0,27.0,50.0,154.0,0.0,573.0,6964.0,1.34547,0:19,0:40,1:32,3:33,74.0,97.3,108.8,-11.6
2025-01-23,0.0,3470.0,10.996,24120.0,21.0,25.0,50.0,104.0,0.0,109.0,4415.0,3.60761,0:19,0:40,1:32,3:33,80.0,95.0,94.4,0.6
2025-01-24,135.85595703125,12906.0,74.522,21378.0,13.0,36.0,54.0,167.0,0.0,721.0,13049.0,24.44948,0:19,0:40,1:32,3:33,58.0,95.9,99.9,-4.0
2025-01-25,18.313018798828125,4233.0,22.529,29940.0,15.0,35.0,50.0,137.0,0.0,471.0,5316.0,7.3914,0:19,0:40,1:32,3:33,92.0,94.1,89.0,5.1
2025-01-26,489.06878662109375,27127.0,64.771,29106.0,12.0,33.0,49.0,176.0,0.0,1678.0,22874.0,21.25033,0:19,0:40,1:32,3:32,84.0,103.4,142.3,-38.9
2025-01-27,3.29473876953125,4959.0,9.967,22920.0,31.0,22.0,51.0,106.0,0.0,284.0,6337.0,3.27001,0:19,0:40,1:32,3:32,77.0,101.0,123.8,-22.7
2025-01-28,130.9272918701172,11966.0,122.309,27378.0,27.0,28.0,51.0,164.0,0.0,681.0,12016.0,40.12762,0:19,0:40,1:32,3:33,70.0,101.7,124.7,-23.0
2025-01-29,155.70492553710938,15462.0,117.69,22348.0,11.0,32.0,51.0,166.0,0.0,1124.0,15445.0,38.6122,0:19,0:40,1:32,3:32,75.0,103.0,128.8,-25.8
2025-01-30,0.0,3590.0,12.94,27240.0,34.0,26.0,55.0,99.0,0.0,93.0,4587.0,4.24541,0:19,0:40,1:32,3:32,61.0,100.6,111.7,-11.1
2025-01-31,9.1824951171875,4775.0,17.191,22500.0,34.0,23.0,48.0,125.0,0.0,347.0,5891.0,5.64009,0:19,0:40,1:32,3:32,85.0,98.4,98.0,0.4
2025-02-01,288.29931640625,30721.0,1388.224,24240.0,9.0,35.0,51.0,187.0,0.0,2217.0,36477.0,455.45407,0:19,0:40,1:32,3:27,76.0,102.9,123.4,-20.5
2025-02-02,20.989044189453125,10662.0,33.528,27586.0,19.0,31.0,54.0,137.0,0.0,644.0,13583.0,11.0,0:19,0:40,1:32,3:28,77.0,101.0,109.7,-8.8
2025-02-03,99.36532592773438,14123.0,76.212,24653.0,40.0,22.0,49.0,154.0,0.0,721.0,15163.0,25.00394,0:19,0:40,1:32,3:27,68.0,100.9,108.4,-7.4
2025-02-04,169.41421508789062,16678.0,68.623,24000.0,14.0,25.0,45.0,157.0,0.0,873.0,16738.0,22.51411,0:19,0:40,1:32,3:27,85.0,102.5,116.5,-13.9
2025-02-05,14.5767822265625,3529.0,10.609,26040.0,30.0,24.0,52.0,140.0,0.0,338.0,4197.0,3.48064,0:19,0:40,1:32,3:27,75.0,100.5,102.9,-2.4
2025-02-06,0.0,4008.0,11.014,24300.0,27.0,24.0,47.0,118.0,0.0,154.0,5122.0,3.61352,0:19,0:40,1:32,3:27,84.0,98.1,89.2,8.9
2025-02-07,155.27587890625,14336.0,126.698,22765.0,5.0,36.0,49.0,163.0,0.0,1007.0,14160.0,41.56759,0:19,0:40,1:32,3:27,79.0,99.5,98.0,1.4
2025-02-08,343.35020446777344,31165.0,545.712,28560.0,5.0,51.0,53.0,167.0,0.0,2085.0,29456.0,179.03937,0:19,0:40,1:31,3:22,61.0,105.2,130.7,-25.5
2025-02-09,12.970016479492188,3860.0,12.192,30240.0,25.0,32.0,53.0,134.0,0.0,368.0,4932.0,4.0,0:19,0:40,1:32,3:23,61.0,103.0,115.0,-12.0
2025-02-10,0.0,6986.0,13.615,24660.0,30.0,24.0,50.0,125.0,0.0,264.0,8673.0,4.46686,0:19,0:40,1:32,3:23,75.0,100.6,99.7,0.9
2025-02-11,150.8292694091797,15900.0,77.711,24240.0,19.0,30.0,48.0,154.0,0.0,816.0,15885.0,25.49573,0:19,0:40,1:31,3:22,83.0,101.8,106.5,-4.7
2025-02-12,172.8885955810547,12627.0,90.678,22644.0,31.0,25.0,50.0,167.0,0.0,903.0,12138.0,29.75,0:19,0:40,1:31,3:22,83.0,103.5,115.3,-11.9
2025-02-13,0.0,2823.0,9.144,23735.0,39.0,17.0,47.0,101.0,0.0,81.0,3607.0,3.0,0:19,0:40,1:31,3:22,85.0,101.0,100.0,1.0
2025-02-14,139.71755981445312,14681.0,98.02,22800.0,17.0,28.0,49.0,173.0,0.0,777.0,14749.0,32.15879,0:19,0:40,1:31,3:22,80.0,101.9,105.3,-3.3
2025-02-15,15.538482666015623,5347.0,17.43,24360.0,5.0,45.0,54.0,141.0,0.0,513.0,6832.0,5.7185,0:19,0:40,1:32,3:23,40.0,99.9,93.3,6.6
2025-02-16,337.6669616699219,26585.0,1271.993,26760.0,10.0,30.0,50.0,185.0,0.0,2153.0,30164.0,417.32054,0:19,0:40,1:31,3:22,87.0,105.5,125.9,-20.4
2025-02-17,0.0,3957.0,1.989,25876.0,40.0,21.0,52.0,97.0,0.0,150.0,5056.0,0.65256,0:19,0:40,1:31,3:22,77.0,103.0,109.1,-6.1
2025-02-18,151.79867553710938,15415.0,86.682,25260.0,30.0,25.0,48.0,159.0,0.0,880.0,15719.0,28.43898,0:19,0:40,1:31,3:22,87.0,104.2,114.8,-10.6
2025-02-19,149.61572265625,11925.0,89.802,21864.0,16.0,32.0,48.0,176.0,0.0,822.0,11792.0,29.4626,0:19,0:40,1:31,3:22,77.0,105.2,119.4,-14.2
2025-02-20,0.0,2810.0,0.0,26700.0,46.0,20.0,49.0,106.0,0.0,99.0,3591.0,0.0,0:19,0:40,1:31,3:22,87.0,102.8,103.5,-0.8
2025-02-21,188.89065551757807,15956.0,79.248,21840.0,19.0,30.0,49.0,179.0,0.0,929.0,15723.0,26.0,0:19,0:40,1:31,3:22,73.0,104.8,114.9,-10.1
2025-02-22,26.37677001953125,7025.0,10.718,29040.0,35.0,27.0,50.0,136.0,0.0,687.0,8962.0,3.5164,0:19,0:40,1:31,3:22,80.0,102.9,103.1,-0.2
2025-02-23,336.0137939453125,31790.0,789.432,28369.0,19.0,27.0,45.0,172.0,0.0,2075.0,31635.0,259.0,0:19,0:40,1:31,3:22,95.0,108.4,134.1,-25.7
2025-02-24,0.0,2652.0,4.113,27900.0,48.0,17.0,49.0,93.0,0.0,55.0,3389.0,1.34941,0:19,0:40,1:31,3:22,81.0,105.9,116.3,-10.4
2025-02-25,118.93698120117188,12188.0,79.248,23938.0,26.0,25.0,48.0,167.0,0.0,689.0,11796.0,26.0,0:19,0:40,1:31,3:22,87.0,106.2,116.6,-10.4
2025-02-26,13.677871704101562,4177.0,11.54,21780.0,44.0,20.0,50.0,125.0,0.0,317.0,5182.0,3.78609,0:19,0:40,1:31,3:22,72.0,104.0,102.9,1.1
2025-02-27,143.36744689941406,15305.0,91.601,23280.0,29.0,24.0,46.0,164.0,0.0,804.0,15205.0,30.05282,0:19,0:40,1:31,3:21,79.0,104.9,108.3,-3.4
2025-02-28,197.62545776367188,16700.0,81.463,21480.0,20.0,26.0,48.0,175.0,0.0,857.0,16677.0,26.72671,0:19,0:40,1:31,3:21,77.0,107.1,120.2,-13.1
2025-03-01,9.391403198242188,9729.0,19.945,26314.0,17.0,33.0,51.0,122.0,0.0,818.0,12359.0,6.54364,0:19,0:40,1:31,3:21,60.0,104.8,105.4,-0.6
2025-03-02,157.6156005859375,17291.0,421.421,24660.0,18.0,33.0,48.0,173.0,0.0,1113.0,18168.0,138.26148,0:19,0:40,1:31,3:20,80.0,106.1,112.4,-6.3
2025-03-03,0.0,2424.0,2.117,26580.0,51.0,18.0,50.0,97.0,0.0,83.0,3097.0,0.69455,0:19,0:40,1:31,3:20,87.0,103.6,97.4,6.1
2025-03-04,7.28826904296875,4292.0,18.83,22560.0,25.0,22.0,48.0,124.0,0.0,270.0,5485.0,6.17782,0:19,0:40,1:31,3:20,81.0,101.3,85.4,15.9
2025-03-05,123.77081298828124,12126.0,71.763,26360.0,29.0,32.0,48.0,170.0,0.0,665.0,11933.0,23.54429,0:19,0:40,1:30,3:20,77.0,101.8,90.5,11.3
2025-03-06,148.91934204101562,11918.0,88.392,22860.0,31.0,27.0,47.0,161.0,0.0,672.0,11814.0,29.0,0:19,0:40,1:30,3:20,85.0,102.9,98.3,4.6
2025-03-07,0.0,2616.0,2.091,25860.0,44.0,21.0,47.0,102.0,0.0,91.0,3343.0,0.68602,0:19,0:40,1:30,3:20,82.0,100.5,85.2,15.3
2025-03-08,384.9691009521485,33617.0,348.916,22920.0,5.0,46.0,50.0,167.0,0.0,2129.0,29782.0,114.47375,0:19,0:40,1:30,3:19,79.0,107.2,125.1,-17.9
2025-03-09,13.144729614257812,10067.0,42.775,22200.0,7.0,37.0,52.0,129.0,0.0,732.0,12855.0,14.03379,0:19,0:40,1:30,3:19,69.0,105.0,110.2,-5.2
2025-03-10,0.0,2906.0,6.924,28440.0,55.0,17.0,50.0,94.0,0.0,53.0,3713.0,2.27165,0:19,0:40,1:30,3:19,66.0,102.5,95.5,7.0
2025-03-11,190.74868774414065,16310.0,76.199,23460.0,19.0,32.0,47.0,167.0,0.0,910.0,16050.0,24.99967,0:19,0:40,1:30,3:19,93.0,104.6,108.2,-3.6
2025-03-12,10.227096557617188,6627.0,25.133,25200.0,8.0,38.0,53.0,120.0,0.0,522.0,8461.0,8.24573,0:19,0:40,1:30,3:19,72.0,102.4,95.2,7.2
2025-03-13,234.8340301513672,18323.0,89.592,20100.0,12.0,33.0,50.0,163.0,0.0,1030.0,16870.0,29.3937,0:19,0:40,1:30,3:18,66.0,105.5,113.8,-8.3
2025-03-14,11.843719482421877,6794.0,14.468,22680.0,23.0,26.0,49.0,126.0,0.0,423.0,8528.0,4.74672,0:19,0:40,1:30,3:18,83.0,103.3,100.2,3.1
2025-03-15,8.36700439453125,2610.0,18.288,24300.0,40.0,32.0,54.0,124.0,0.0,272.0,3335.0,6.0,0:19,0:40,1:30,3:19,43.0,101.1,88.0,13.1
