Cycle start time,Cycle end time,Cycle timezone,Recovery score %,Resting heart rate (bpm),Heart rate variability (ms),Skin temp (celsius),Blood oxygen %,Day Strain,Energy burned (cal),Max HR (bpm),Average HR (bpm),Sleep onset,Wake onset,Sleep performance %,Respiratory rate (rpm),Asleep duration (min),In bed duration (min),Light sleep duration (min),Deep (SWS) duration (min),REM duration (min),Awake duration (min),Sleep need (min),Sleep debt (min),Sleep efficiency %,Sleep consistency %
2025-02-16 00:20:11,,UTC+01:00,61,53,46,33.50,97.79,,,,,2025-02-16 00:20:11,2025-02-16 07:59:33,70,12.8,404,441,143,147,114,37,574,117,91,81
2025-02-15 00:50:31,2025-02-16 00:20:11,UTC+01:00,,,,,,7.0,1739,139,73,,,,,,,,,,,,,,
2025-02-14 00:15:44,2025-02-15 00:50:31,UTC+01:00,57,52,51,32.50,95.63,14.3,2403,171,69,2025-02-14 00:15:44,2025-02-14 06:41:14,60,11.9,347,384,106,121,120,37,581,127,91,90
2025-02-13 00:09:13,2025-02-14 00:15:44,UTC+01:00,55,50,50,32.20,96.88,4.2,1645,130,59,2025-02-13 00:09:13,2025-02-13 06:48:58,58,13.1,358,397,159,96,103,39,618,124,90,83
2025-02-11 23:40:50,2025-02-13 00:09:13,UTC+01:00,58,52,51,32.24,97.35,15.9,2528,182,68,2025-02-11 23:40:50,2025-02-12 06:16:12,59,13.4,359,395,114,117,128,36,608,126,91,83
2025-02-10 23:44:23,2025-02-11 23:40:50,UTC+01:00,77,50,60,32.23,97.85,13.9,2259,177,68,2025-02-10 23:44:23,2025-02-11 06:36:16,64,14.3,352,405,148,94,110,53,549,94,88,77
2025-02-09 22:57:16,2025-02-10 23:44:23,UTC+01:00,91,53,66,32.60,96.59,5.4,1738,161,62,2025-02-09 22:57:16,2025-02-10 06:41:01,74,13.1,422,463,173,107,142,41,570,114,91,71
2025-02-09 00:13:31,2025-02-09 22:57:16,UTC+01:00,35,61,36,32.70,94.77,5.5,1629,144,68,2025-02-09 00:13:31,2025-02-09 07:56:20,69,12.5,405,457,169,132,104,52,584,127,89,68
2025-02-07 23:58:57,2025-02-09 00:13:31,UTC+01:00,35,62,39,32.70,94.38,20.5,3948,187,84,2025-02-07 23:58:57,2025-02-08 08:07:56,62,12.9,384,486,143,108,133,102,615,122,78,79
2025-02-06 23:55:53,2025-02-07 23:58:57,UTC+01:00,60,52,52,32.70,97.14,15.7,2428,180,72,2025-02-06 23:55:53,2025-02-07 06:19:20,58,12.5,337,383,139,77,121,46,581,127,88,93
2025-02-05 23:43:32,2025-02-06 23:55:53,UTC+01:00,81,49,57,33.00,96.68,4.3,1656,122,61,2025-02-05 23:43:32,2025-02-06 06:48:57,65,13.2,380,425,170,91,119,45,583,127,89,89
2025-02-04 23:44:40,2025-02-05 23:43:32,UTC+01:00,54,56,49,32.00,97.18,5.7,1729,147,63,2025-02-04 23:44:40,2025-02-05 06:14:19,57,12.0,349,389,138,89,122,40,616,122,89,85
2025-02-04 00:14:57,2025-02-04 23:44:40,UTC+01:00,85,47,69,32.82,96.91,15.9,2389,184,65,2025-02-04 00:14:57,2025-02-04 06:52:51,60,13.7,366,397,120,102,144,31,610,127,92,81
2025-02-02 23:45:03,2025-02-04 00:14:57,UTC+01:00,86,54,60,33.70,94.11,14.1,2243,185,67,2025-02-02 23:45:03,2025-02-03 06:50:15,62,12.5,362,424,132,128,102,62,586,127,85,78
2025-02-02 00:16:02,2025-02-02 23:45:03,UTC+01:00,37,59,39,32.09,96.56,7.8,1780,140,69,2025-02-02 00:16:02,2025-02-02 07:51:33,62,12.2,403,453,186,108,109,50,654,127,88,72
2025-02-01 01:41:18,2025-02-02 00:16:02,UTC+01:00,68,54,49,33.30,97.29,20.6,4394,192,84,2025-02-01 01:41:18,2025-02-01 08:28:46,61,12.8,356,407,120,96,140,51,583,127,90,58
2025-01-30 23:03:54,2025-02-01 01:41:18,UTC+01:00,89,51,54,31.94,96.24,6.1,1909,144,64,2025-01-30 23:03:54,2025-01-31 06:14:30,66,13.5,382,430,175,117,90,48,582,127,89,82
2025-01-30 00:34:24,2025-01-30 23:03:54,UTC+01:00,24,62,37,31.90,95.54,4.7,1557,135,65,2025-01-30 00:34:24,2025-01-30 07:19:38,55,11.7,346,405,144,97,105,59,624,127,86,79
2025-01-28 23:08:01,2025-01-30 00:34:24,UTC+01:00,45,55,41,32.20,97.93,16.3,2606,184,71,2025-01-28 23:08:01,2025-01-29 06:13:41,58,12.9,345,423,169,101,75,78,600,116,81,85
2025-01-28 00:15:28,2025-01-28 23:08:01,UTC+01:00,70,52,49,32.80,96.44,14.2,2151,177,68,2025-01-28 00:15:28,2025-01-28 07:03:19,60,13.1,348,406,157,80,111,58,582,127,86,85
2025-01-26 23:13:30,2025-01-28 00:15:28,UTC+01:00,42,54,38,32.00,96.76,5.3,1751,131,64,2025-01-26 23:13:30,2025-01-27 06:49:16,60,13.6,385,422,123,104,158,37,640,119,91,79
2025-01-26 00:03:52,2025-01-26 23:13:30,UTC+01:00,76,52,50,32.01,93.50,19.6,3175,186,75,2025-01-26 00:03:52,2025-01-26 07:26:53,68,13.5,393,443,154,120,119,50,580,121,90,80
2025-01-25 00:02:13,2025-01-26 00:03:52,UTC+01:00,63,53,45,32.37,95.00,8.3,1887,152,68,2025-01-25 00:02:13,2025-01-25 08:24:34,69,13.4,426,502,141,131,154,76,615,127,85,75
2025-01-24 00:49:11,2025-01-25 00:02:13,UTC+01:00,33,61,39,32.30,95.37,14.9,2234,187,72,2025-01-24 00:49:11,2025-01-24 06:50:08,53,12.2,305,360,100,92,113,55,581,126,85,85
2025-01-23 00:04:01,2025-01-24 00:49:11,UTC+01:00,51,54,46,32.45,95.80,4.4,1701,135,63,2025-01-23 00:04:01,2025-01-23 06:49:33,57,12.8,335,405,155,95,85,70,589,127,83,82
2025-01-22 00:24:08,2025-01-23 00:04:01,UTC+01:00,53,52,51,32.48,92.59,9.1,1912,163,66,2025-01-22 00:24:08,2025-01-22 06:17:04,51,13.0,307,350,103,93,111,43,601,125,87,79
2025-01-20 23:52:20,2025-01-22 00:24:08,UTC+01:00,86,54,56,32.59,91.83,13.0,2175,165,66,2025-01-20 23:52:20,2025-01-21 06:49:56,67,13.7,387,417,159,97,131,30,582,127,93,73
2025-01-20 00:25:36,2025-01-20 23:52:20,UTC+01:00,38,55,39,,95.54,5.1,1623,147,64,2025-01-20 00:25:36,2025-01-20 07:18:34,58,13.0,357,412,129,99,129,55,614,109,87,68
2025-01-19 01:45:51,2025-01-20 00:25:36,UTC+01:00,90,53,56,32.77,95.50,17.3,2459,177,72,2025-01-19 01:45:51,2025-01-19 09:35:59,71,14.0,424,466,170,134,120,42,594,127,91,62
2025-01-18 00:32:20,2025-01-19 01:45:51,UTC+01:00,47,56,40,32.96,94.53,10.9,2051,176,69,2025-01-18 00:32:20,2025-01-18 08:08:45,65,12.6,402,441,126,137,139,39,619,127,91,77
2025-01-17 00:45:19,2025-01-18 00:32:20,UTC+01:00,67,52,52,32.70,94.17,15.5,2353,180,70,2025-01-17 00:45:19,2025-01-17 06:49:18,56,12.6,343,363,124,87,132,20,616,127,94,85
2025-01-16 00:57:36,2025-01-17 00:45:19,UTC+01:00,52,52,47,32.90,93.50,15.1,2364,178,69,2025-01-16 00:57:36,2025-01-16 06:42:17,52,13.1,316,344,217,65,34,28,607,108,92,75
2025-01-14 23:39:08,2025-01-16 00:57:36,UTC+01:00,81,52,54,32.40,95.07,16.5,2567,182,71,2025-01-14 23:39:08,2025-01-15 06:16:27,62,13.2,353,395,147,91,115,42,570,114,89,79
2025-01-14 00:08:26,2025-01-14 23:39:08,UTC+01:00,72,53,50,33.00,94.88,6.5,1722,150,66,2025-01-14 00:08:26,2025-01-14 06:39:56,60,13.8,343,391,148,79,116,48,572,118,87,82
2025-01-12 23:42:43,2025-01-14 00:08:26,UTC+01:00,53,55,42,32.90,96.72,4.3,1663,124,65,2025-01-12 23:42:43,2025-01-13 07:29:27,62,12.9,392,464,196,94,102,72,629,109,84,77
2025-01-12 00:17:36,2025-01-12 23:42:43,UTC+01:00,62,54,45,32.80,95.87,19.4,2937,179,75,2025-01-12 00:17:36,2025-01-12 08:53:26,72,13.2,435,515,197,144,94,80,606,119,85,75
2025-01-10 23:55:02,2025-01-12 00:17:36,UTC+01:00,28,62,30,32.70,93.56,14.8,2465,175,74,2025-01-10 23:55:02,2025-01-11 08:28:02,70,12.3,436,511,173,126,137,75,621,127,85,67
2025-01-10 00:18:08,2025-01-10 23:55:02,UTC+01:00,40,53,47,32.20,96.04,15.8,2471,184,72,2025-01-10 00:18:08,2025-01-10 05:34:24,49,12.6,287,316,152,54,81,29,582,127,91,82
2025-01-09 00:34:12,2025-01-10 00:18:08,UTC+01:00,35,58,39,32.60,94.86,4.4,1839,144,75,2025-01-09 00:34:12,2025-01-09 06:32:18,56,12.5,323,358,118,127,78,35,582,127,91,72
2025-01-08 00:33:20,2025-01-09 00:34:12,UTC+01:00,69,53,53,32.60,94.72,4.6,718,144,80,2025-01-08 00:33:20,2025-01-08 06:14:19,54,13.4,316,340,169,72,75,24,580,125,96,60
2025-01-06 23:35:55,2025-01-08 00:33:20,UTC+01:00,53,56,39,32.32,96.64,5.2,1747,132,65,2025-01-06 23:35:55,2025-01-07 06:19:21,60,13.5,376,403,134,101,141,27,627,106,93,62
2025-01-06 01:22:30,2025-01-06 23:35:55,UTC+01:00,74,59,47,32.20,96.27,19.8,3147,182,77,2025-01-06 01:22:30,2025-01-06 09:05:04,70,13.0,392,459,149,114,129,67,557,102,85,82
2025-01-05 00:31:49,2025-01-06 00:22:30,UTCZ,90,52,55,32.20,96.25,5.3,1666,125,65,2025-01-05 00:31:49,2025-01-05 08:57:00,74,14.3,441,504,180,119,142,63,600,99,87,76
2025-01-04 00:53:21,2025-01-05 00:31:49,UTCZ,90,52,54,31.60,94.75,16.8,2491,183,71,2025-01-04 00:53:21,2025-01-04 07:45:52,70,13.2,359,411,117,87,155,52,513,56,87,78
2025-01-03 00:00:00,2025-01-04 00:53:21,UTCZ,,,,,,6.9,1388,133,83,,,,,,,,,,,,,,
2025-01-01 22:31:10,2025-01-03 00:00:00,UTCZ,95,51,65,34.50,97.77,17.7,2301,183,82,2025-01-01 22:31:10,2025-01-02 07:37:41,85,13.2,485,546,128,160,197,61,574,120,89,67
2025-01-01 02:18:12,2025-01-01 23:31:10,UTC+01:00,17,69,23,32.80,95.71,4.6,1457,129,72,2025-01-01 02:18:12,2025-01-01 09:11:26,60,12.3,355,413,145,107,103,58,595,111,85,67
2024-12-31 01:14:59,2025-01-01 02:18:12,UTC+01:00,66,57,48,32.83,94.36,14.4,2367,176,80,2024-12-31 01:14:59,2024-12-31 07:41:59,60,12.7,329,382,130,83,116,53,551,92,86,74
2024-12-30 00:29:56,2024-12-31 01:14:59,UTC+01:00,84,56,51,33.23,94.41,8.4,1888,142,74,2024-12-30 00:29:56,2024-12-30 08:47:26,75,12.5,425,497,206,128,91,72,569,115,86,77
2024-12-29 00:38:33,2024-12-30 00:29:56,UTC+01:00,46,59,40,32.20,97.47,4.5,1630,129,67,2024-12-29 00:38:33,2024-12-29 06:59:43,59,12.8,336,381,138,80,118,45,567,113,88,79
2024-12-28 00:03:06,2024-12-29 00:38:33,UTC+01:00,26,63,32,32.10,95.86,4.0,1049,114,68,2024-12-28 00:03:06,2024-12-28 06:22:49,59,11.9,330,368,108,131,91,38,556,93,89,86
2024-12-27 00:06:37,2024-12-28 00:03:06,UTC+01:00,78,52,51,32.20,96.79,9.9,2019,141,70,2024-12-27 00:06:37,2024-12-27 07:58:38,74,13.2,414,468,159,125,130,54,560,101,88,80
2024-12-26 00:14:38,2024-12-27 00:06:37,UTC+01:00,57,55,43,32.39,94.50,7.9,1857,135,67,2024-12-26 00:14:38,2024-12-26 08:41:45,73,13.7,425,501,175,125,125,76,583,127,84,74
2024-12-25 00:44:43,2024-12-26 00:14:38,UTC+01:00,36,58,39,31.47,96.64,6.1,1691,141,68,2024-12-25 00:44:43,2024-12-25 06:13:00,52,12.1,285,325,95,100,90,40,554,85,88,78
2024-12-23 23:50:44,2024-12-25 00:44:43,UTC+01:00,55,51,43,32.79,97.47,11.5,2264,156,70,2024-12-23 23:50:44,2024-12-24 07:59:05,76,13.8,420,485,180,117,123,65,553,97,87,83
2024-12-22 23:16:40,2024-12-23 23:50:44,UTC+01:00,63,52,46,32.71,97.86,6.3,1806,133,64,2024-12-22 23:16:40,2024-12-23 07:23:37,74,13.3,430,486,134,141,155,56,582,127,88,76
2024-12-22 00:10:05,2024-12-22 23:16:40,UTC+01:00,40,56,40,33.00,95.93,4.5,1592,129,64,2024-12-22 00:10:05,2024-12-22 06:26:27,55,12.7,324,364,182,58,84,40,584,127,89,79
2024-12-21 00:23:32,2024-12-22 00:10:05,UTC+01:00,63,55,49,32.80,97.81,6.8,1743,137,70,2024-12-21 00:23:32,2024-12-21 07:54:37,62,12.2,361,451,118,128,115,90,582,127,80,77
2024-12-20 00:37:38,2024-12-21 00:23:32,UTC+01:00,21,64,28,33.25,93.36,4.5,1641,127,66,2024-12-20 00:37:38,2024-12-20 06:14:02,54,12.2,314,336,100,87,127,22,578,124,93,77
2024-12-18 23:46:57,2024-12-20 00:37:38,UTC+01:00,71,51,54,32.81,96.08,4.3,1690,125,64,2024-12-18 23:46:57,2024-12-19 05:57:33,57,13.3,327,370,172,81,74,43,576,121,88,74
2024-12-18 01:16:39,2024-12-18 23:46:57,UTC+01:00,73,53,53,32.25,96.58,4.6,1549,118,63,2024-12-18 01:16:39,2024-12-18 07:42:37,58,13.0,339,385,134,112,93,46,582,127,88,80
2024-12-17 00:54:05,2024-12-18 01:16:39,UTC+01:00,50,52,58,31.83,95.70,5.4,1724,140,65,2024-12-17 00:54:05,2024-12-17 06:14:08,43,13.0,251,320,91,92,68,69,582,127,79,82
2024-12-16 01:16:23,2024-12-17 00:54:05,UTC+01:00,57,59,46,32.40,95.56,4.3,1613,121,62,2024-12-16 01:16:23,2024-12-16 08:06:47,56,12.2,329,410,143,125,61,81,588,65,80,70
2024-12-15 00:19:31,2024-12-16 01:16:23,UTC+01:00,63,53,45,32.41,96.75,19.9,3924,179,78,2024-12-15 00:19:31,2024-12-15 08:21:36,81,12.6,430,479,194,132,104,49,532,78,90,62
2024-12-13 23:58:46,2024-12-15 00:19:31,UTC+01:00,34,63,35,32.61,93.08,4.6,1675,125,67,2024-12-13 23:58:46,2024-12-14 08:58:30,80,12.4,497,539,193,127,177,42,619,121,92,51
2024-12-12 23:47:52,2024-12-13 23:58:46,UTC+01:00,70,52,51,33.00,96.71,16.3,2563,184,72,2024-12-12 23:47:52,2024-12-13 06:14:41,58,13.5,338,386,103,100,135,48,581,127,88,62
2024-12-12 00:04:36,2024-12-13 02:47:52,UTC+04:00,56,55,41,31.90,97.67,4.1,1818,121,63,2024-12-12 00:04:36,2024-12-12 07:20:00,62,12.3,388,435,160,111,117,47,622,127,89,55
2024-12-11 06:46:00,2024-12-12 00:04:36,UTC+04:00,7,60,35,33.30,97.60,15.9,1906,180,76,2024-12-11 06:46:00,2024-12-11 09:46:00,25,12.5,128,180,68,40,20,52,512,126,81,55
2024-12-09 23:53:30,2024-12-11 03:46:00,UTC+01:00,74,50,52,33.41,96.88,15.7,2642,189,69,2024-12-09 23:53:30,2024-12-10 06:42:13,66,14.0,373,408,146,118,109,35,570,115,91,85
2024-12-08 23:57:38,2024-12-09 23:53:30,UTC+01:00,60,57,48,33.25,96.38,4.3,1638,127,64,2024-12-08 23:57:38,2024-12-09 07:14:44,60,12.8,355,436,153,102,100,81,587,127,82,87
2024-12-08 00:21:25,2024-12-08 23:57:38,UTC+01:00,35,61,37,33.15,94.92,8.2,1836,156,73,2024-12-08 00:21:25,2024-12-08 08:08:29,66,12.5,395,455,134,144,117,60,597,79,87,77
2024-12-06 23:54:49,2024-12-08 00:21:25,UTC+01:00,71,56,49,34.00,95.41,19.1,3178,195,77,2024-12-06 23:54:49,2024-12-07 08:33:57,79,13.0,467,519,162,162,143,52,591,84,90,72
2024-12-05 22:52:33,2024-12-06 23:54:49,UTC+01:00,59,56,45,32.80,96.72,17.6,2737,182,72,2024-12-05 22:52:33,2024-12-06 08:09:38,78,12.6,478,557,147,176,155,79,610,127,86,67
2024-12-04 23:26:15,2024-12-05 22:52:33,UTC+01:00,55,53,52,33.00,95.30,14.1,2238,181,70,2024-12-04 23:26:15,2024-12-05 05:26:01,52,12.7,306,359,157,78,71,53,584,127,86,86
2024-12-03 23:49:48,2024-12-04 23:26:15,UTC+01:00,55,51,50,33.10,97.08,6.9,1748,157,65,2024-12-03 23:49:48,2024-12-04 06:32:57,53,13.7,329,394,173,100,56,65,620,127,85,81
2024-12-02 23:24:55,2024-12-03 23:49:48,UTC+01:00,75,49,64,33.70,94.92,15.7,2363,183,67,2024-12-02 23:24:55,2024-12-03 05:32:37,55,13.3,318,362,119,95,104,44,581,127,90,80
2024-12-01 23:59:38,2024-12-02 23:24:55,UTC+01:00,53,55,42,32.90,94.03,4.1,1590,116,62,2024-12-01 23:59:38,2024-12-02 06:59:44,57,12.9,366,420,139,117,110,54,643,122,87,78
2024-11-30 23:29:13,2024-12-01 23:59:38,UTC+01:00,57,56,44,34.08,96.36,19.6,3337,181,79,2024-11-30 23:29:13,2024-12-01 05:59:06,57,12.5,327,389,127,95,105,62,572,114,83,60
2024-11-30 01:34:35,2024-11-30 23:29:13,UTC+01:00,48,65,36,33.10,95.32,7.6,1687,150,73,2024-11-30 01:34:35,2024-11-30 08:37:34,63,12.5,391,422,115,124,152,31,620,127,92,63
2024-11-28 23:43:13,2024-11-30 01:34:35,UTC+01:00,32,61,30,32.50,97.74,15.6,2516,184,73,2024-11-28 23:43:13,2024-11-29 06:46:00,65,12.1,376,421,133,110,133,45,582,127,89,69
2024-11-28 00:14:19,2024-11-28 23:43:13,UTC+01:00,64,53,59,33.44,93.77,4.7,1618,125,64,2024-11-28 00:14:19,2024-11-28 06:51:50,53,12.6,313,397,121,107,85,84,596,112,80,62
2024-11-26 00:24:22,2024-11-28 00:14:19,UTC+01:00,57,51,52,33.35,95.08,14.4,2529,177,67,2024-11-26 00:24:22,2024-11-26 07:00:02,61,13.6,345,395,110,122,113,50,569,114,87,78
2024-11-24 23:45:41,2024-11-26 00:24:22,UTC+01:00,38,56,40,32.26,97.19,5.1,1719,135,64,2024-11-24 23:45:41,2024-11-25 06:59:43,68,12.4,373,434,161,117,95,61,552,56,86,75
2024-11-24 00:46:33,2024-11-24 23:45:41,UTC+01:00,67,51,53,33.10,95.97,16.1,2334,182,68,2024-11-24 00:46:33,2024-11-24 08:26:33,83,13.8,430,459,157,122,151,29,517,62,93,67
2024-11-23 00:00:58,2024-11-24 00:46:33,UTC+01:00,23,62,29,33.30,93.73,5.2,1729,127,67,2024-11-23 00:00:58,2024-11-23 09:18:43,83,12.2,484,556,219,122,143,72,582,127,87,62
2024-11-22 00:16:38,2024-11-23 00:00:58,UTC+01:00,45,49,52,31.99,94.19,4.4,779,134,70,2024-11-22 00:16:38,2024-11-22 05:46:23,51,13.5,297,329,134,95,68,32,582,127,90,79
2024-11-21 00:07:32,2024-11-22 00:16:38,UTC+01:00,54,50,54,32.05,95.95,5.1,1692,140,63,2024-11-21 00:07:32,2024-11-21 06:15:05,53,12.8,307,367,88,111,108,60,582,127,84,76
2024-11-19 23:56:59,2024-11-21 00:07:32,UTC+01:00,33,58,38,33.32,94.42,4.6,1652,130,64,2024-11-19 23:56:59,2024-11-20 06:45:28,62,12.4,359,408,116,127,116,49,578,123,88,71
2024-11-19 02:03:16,2024-11-19 23:56:59,UTC+01:00,56,49,57,32.90,97.38,4.1,1496,119,62,2024-11-19 02:03:16,2024-11-19 07:10:27,52,13.4,267,306,87,104,76,39,515,127,87,58
2024-11-18 00:34:54,2024-11-19 02:03:16,UTC+01:00,37,59,44,32.50,93.96,4.2,1727,121,63,2024-11-18 00:34:54,2024-11-18 07:12:47,54,12.4,330,397,121,99,110,67,614,89,83,71
2024-11-16 23:49:35,2024-11-18 00:34:54,UTC+01:00,63,52,51,32.71,94.14,20.3,3761,184,76,2024-11-16 23:49:35,2024-11-17 09:16:21,78,13.0,478,565,160,137,181,87,617,127,84,68
2024-11-16 01:11:46,2024-11-16 23:49:35,UTC+01:00,23,60,32,32.10,94.10,15.2,2300,172,74,2024-11-16 01:11:46,2024-11-16 08:03:23,58,12.0,359,402,137,116,106,43,620,127,89,71
2024-11-15 00:13:02,2024-11-16 01:11:46,UTC+01:00,59,49,58,31.90,95.40,15.6,2520,179,70,2024-11-15 00:13:02,2024-11-15 06:27:41,52,13.9,304,374,102,90,112,70,584,127,81,89
2024-11-14 00:06:41,2024-11-15 00:13:02,UTC+01:00,69,49,57,32.90,97.25,6.7,1797,134,61,2024-11-14 00:06:41,2024-11-14 06:50:53,58,13.2,354,403,122,111,121,49,614,127,87,85
2024-11-12 23:25:41,2024-11-14 00:06:41,UTC+01:00,59,52,51,32.29,95.11,14.7,2299,177,64,2024-11-12 23:25:41,2024-11-13 06:46:00,65,12.5,377,439,150,89,138,62,584,127,86,78
2024-11-12 00:33:07,2024-11-12 23:25:41,UTC+01:00,48,50,50,32.10,96.05,6.7,1726,142,62,2024-11-12 00:33:07,2024-11-12 06:11:56,54,12.4,315,338,147,64,104,23,582,127,93,87
2024-11-11 00:03:13,2024-11-12 00:33:07,UTC+01:00,44,55,46,32.72,94.87,4.2,1667,121,60,2024-11-11 00:03:13,2024-11-11 07:40:48,59,13.0,382,456,139,103,140,74,653,127,83,88
2024-11-09 23:56:49,2024-11-11 00:03:13,UTC+01:00,41,52,43,33.30,96.21,20.4,3794,177,78,2024-11-09 23:56:49,2024-11-10 08:00:16,67,13.4,420,483,185,102,133,63,628,127,87,83
2024-11-08 23:50:14,2024-11-09 23:56:49,UTC+01:00,60,53,54,32.39,95.23,16.8,2664,179,72,2024-11-08 23:50:14,2024-11-09 07:14:33,64,12.7,372,441,127,131,114,69,584,127,84,84
2024-11-08 00:30:44,2024-11-08 23:50:14,UTC+01:00,54,49,55,32.39,97.13,6.8,1709,133,65,2024-11-08 00:30:44,2024-11-08 06:14:43,53,13.4,308,343,151,94,63,35,582,127,90,80
2024-11-07 00:31:37,2024-11-08 00:30:44,UTC+01:00,34,58,38,32.59,96.31,4.6,1655,127,61,2024-11-07 00:31:37,2024-11-07 07:41:01,58,12.6,361,429,148,115,98,68,621,127,84,76
2024-11-05 23:39:50,2024-11-07 00:31:37,UTC+01:00,72,51,58,32.40,96.67,15.7,2481,184,69,2024-11-05 23:39:50,2024-11-06 06:41:02,64,12.8,365,421,148,113,104,56,575,120,87,85
2024-11-04 23:17:32,2024-11-05 23:39:50,UTC+01:00,80,50,70,33.00,95.71,5.6,1739,130,64,2024-11-04 23:17:32,2024-11-05 06:14:15,60,14.4,365,416,132,117,116,51,605,123,88,80
2024-11-04 00:07:36,2024-11-04 23:17:32,UTC+01:00,56,51,50,33.00,96.29,14.0,2128,179,65,2024-11-04 00:07:36,2024-11-04 06:44:16,58,12.9,339,394,109,100,130,55,586,127,86,83
2024-11-02 23:57:36,2024-11-04 00:07:36,UTC+01:00,20,67,27,33.30,96.00,7.7,1862,147,71,2024-11-02 23:57:36,2024-11-03 08:20:37,68,12.6,440,503,250,114,76,63,646,124,87,83
2024-11-01 23:32:49,2024-11-02 23:57:36,UTC+01:00,59,53,51,32.83,94.67,19.8,3250,204,77,2024-11-01 23:32:49,2024-11-02 06:59:45,66,12.9,378,433,104,114,160,55,571,116,87,83
2024-10-31 23:40:45,2024-11-01 23:32:49,UTC+01:00,46,57,45,32.90,96.05,5.0,1676,148,64,2024-10-31 23:40:45,2024-11-01 08:04:06,71,12.2,437,499,174,148,115,62,619,125,88,82
2024-10-30 23:45:45,2024-10-31 23:40:45,UTC+01:00,57,52,50,31.80,97.92,15.8,2311,182,67,2024-10-30 23:45:45,2024-10-31 07:00:25,67,12.5,388,434,177,95,116,46,583,127,89,89
2024-10-29 23:35:59,2024-10-30 23:45:45,UTC+01:00,77,49,71,31.73,95.00,5.6,1721,159,61,2024-10-29 23:35:59,2024-10-30 06:14:42,57,14.4,351,398,113,99,139,47,613,127,88,88
2024-10-28 23:33:22,2024-10-29 23:35:59,UTC+01:00,77,51,55,32.31,97.43,14.6,2236,172,67,2024-10-28 23:33:22,2024-10-29 06:30:57,66,12.7,381,416,158,114,109,35,582,127,92,89
2024-10-28 00:04:13,2024-10-28 23:33:22,UTC+01:00,76,52,63,31.69,97.90,4.6,1621,134,62,2024-10-28 00:04:13,2024-10-28 06:56:48,56,13.4,360,412,127,87,146,52,640,114,88,84
2024-10-26 23:09:06,2024-10-28 00:04:13,UTC+01:00,90,50,64,32.70,97.53,20.5,3557,184,73,2024-10-26 23:09:06,2024-10-27 07:30:11,70,13.1,406,493,151,123,132,87,583,127,82,87
2024-10-26 00:34:11,2024-10-27 00:09:06,UTC+02:00,69,59,48,32.70,96.53,6.2,1719,146,69,2024-10-26 00:34:11,2024-10-26 08:30:23,67,12.7,404,476,114,122,168,72,602,104,86,73
2024-10-24 23:27:46,2024-10-26 00:34:11,UTC+02:00,34,64,31,32.70,95.41,16.4,2440,177,73,2024-10-24 23:27:46,2024-10-25 07:47:39,72,12.4,420,495,160,112,148,75,583,127,85,63
2024-10-24 00:16:13,2024-10-24 23:27:46,UTC+02:00,,,,,,5.5,1635,130,75,,,,,,,,,,,,,,
2024-10-23 00:29:10,2024-10-24 00:16:13,UTC+02:00,51,56,48,32.44,96.33,4.2,1619,117,66,2024-10-23 00:29:10,2024-10-23 06:27:12,51,12.0,298,358,197,60,41,60,582,127,84,61
2024-10-22 02:58:54,2024-10-23 00:29:10,UTC+02:00,19,57,52,33.64,97.29,5.2,1507,124,68,2024-10-22 02:58:54,2024-10-22 06:14:41,27,11.8,165,194,65,69,31,29,604,111,87,48
2024-10-21 00:44:20,2024-10-22 02:58:54,UTC+02:00,75,57,53,32.00,96.31,15.7,2451,174,68,2024-10-21 00:44:20,2024-10-21 08:14:43,69,13.7,393,450,144,135,114,57,565,41,87,47
2024-10-19 23:29:35,2024-10-21 00:44:20,UTC+02:00,96,53,62,32.49,95.30,20.2,3403,181,75,2024-10-19 23:29:35,2024-10-20 08:43:47,88,13.4,488,552,205,151,132,64,553,94,88,30
2024-10-18 22:47:56,2024-10-19 23:29:35,UTC+02:00,34,60,36,32.08,95.26,7.8,1887,144,68,2024-10-18 22:47:56,2024-10-19 09:40:54,76,12.8,472,652,234,122,116,180,619,127,72,9
2024-10-17 17:31:49,2024-10-18 15:47:56,UTC-05:00,14,58,53,32.80,97.50,15.5,2201,179,73,2024-10-17 17:31:49,2024-10-17 19:21:53,17,12.3,96,103,23,49,24,7,581,127,100,59
2024-10-16 22:14:47,2024-10-17 15:31:49,UTC-07:00,56,59,43,33.24,95.41,4.1,1181,112,64,2024-10-16 22:14:47,2024-10-17 05:59:30,64,12.2,393,464,137,132,124,71,618,127,85,75
2024-10-15 21:02:02,2024-10-16 22:14:47,UTC-07:00,69,55,48,32.00,94.92,15.3,2393,175,73,2024-10-15 21:02:02,2024-10-16 04:33:44,63,12.7,362,450,135,127,100,88,574,116,80,71
2024-10-14 21:51:03,2024-10-15 21:02:02,UTC-07:00,31,65,36,32.30,96.58,7.7,1769,138,72,2024-10-14 21:51:03,2024-10-15 05:06:34,60,12.2,353,429,149,109,95,76,586,83,82,40
2024-10-13 21:10:30,2024-10-14 21:51:03,UTC-07:00,79,56,51,32.09,97.10,16.9,2532,182,70,2024-10-13 21:10:30,2024-10-14 06:36:51,78,12.7,467,564,212,153,102,97,598,123,83,20
2024-10-12 20:49:26,2024-10-13 21:10:30,UTC-07:00,28,66,36,32.60,94.23,12.7,2282,157,74,2024-10-12 20:49:26,2024-10-13 05:03:04,59,12.9,348,490,180,119,49,142,595,127,71,7
2024-10-12 01:06:25,2024-10-13 05:49:26,UTC+02:00,50,56,48,32.70,98.00,19.9,3559,180,73,2024-10-12 01:06:25,2024-10-12 07:22:54,54,11.9,312,373,126,104,82,61,583,127,84,75
2024-10-11 00:07:00,2024-10-12 01:06:25,UTC+02:00,30,61,35,33.30,96.13,6.0,1789,138,66,2024-10-11 00:07:00,2024-10-11 06:21:06,55,12.1,338,374,111,105,122,36,618,120,90,84
2024-10-09 23:29:01,2024-10-11 00:07:00,UTC+02:00,70,53,49,33.10,93.27,16.3,2489,181,73,2024-10-09 23:29:01,2024-10-10 06:55:40,68,12.7,396,443,158,87,151,47,583,127,89,83
2024-10-08 23:24:00,2024-10-09 23:29:01,UTC+02:00,37,58,41,32.48,96.18,5.7,1708,141,65,2024-10-08 23:24:00,2024-10-09 06:14:03,54,12.4,330,410,98,146,86,80,614,127,82,78
2024-10-08 00:38:38,2024-10-08 23:24:00,UTC+02:00,48,53,46,32.50,95.35,14.8,2186,175,71,2024-10-08 00:38:38,2024-10-08 06:29:31,56,13.0,324,350,152,81,91,26,579,125,92,72
2024-10-06 22:59:43,2024-10-08 00:38:38,UTC+02:00,47,55,44,32.80,96.83,4.6,1770,121,67,2024-10-06 22:59:43,2024-10-07 06:39:55,67,12.5,395,460,149,119,127,65,590,69,86,76
2024-10-05 23:42:02,2024-10-06 22:59:43,UTC+02:00,57,55,49,33.00,96.57,19.7,2925,178,75,2024-10-05 23:42:02,2024-10-06 08:36:04,81,12.8,452,534,191,145,116,82,559,103,84,81
2024-10-05 00:20:04,2024-10-05 23:42:02,UTC+02:00,21,63,31,33.30,94.00,6.3,1708,137,69,2024-10-05 00:20:04,2024-10-05 08:16:41,72,11.9,417,469,139,123,155,52,578,120,88,82
2024-10-04 00:09:33,2024-10-05 00:20:04,UTC+02:00,78,48,60,33.10,97.76,7.7,1821,166,64,2024-10-04 00:09:33,2024-10-04 07:11:39,67,13.9,388,422,182,108,98,34,576,121,92,88
2024-10-02 23:39:49,2024-10-03 23:09:33,UTC+01:00,75,49,59,32.65,96.83,4.3,1610,130,61,2024-10-02 23:39:49,2024-10-03 05:59:44,58,13.2,338,379,87,111,140,41,582,127,91,82
2024-10-02 00:09:21,2024-10-03 00:39:49,UTC+02:00,71,51,54,31.90,98.33,4.1,1667,113,59,2024-10-02 00:09:21,2024-10-02 07:38:18,65,13.9,395,448,166,124,105,53,611,127,88,79
2024-10-01 01:18:00,2024-10-02 00:09:21,UTC+02:00,29,56,48,32.00,95.27,14.3,2099,167,70,2024-10-01 01:18:00,2024-10-01 06:06:24,42,12.6,245,288,105,63,77,43,582,127,85,75
2024-09-30 00:18:49,2024-10-01 01:18:00,UTC+02:00,26,57,36,33.40,96.38,4.3,1709,112,64,2024-09-30 00:18:49,2024-09-30 07:16:39,58,12.5,367,415,182,94,91,48,636,117,88,81
2024-09-28 22:51:48,2024-09-30 00:18:49,UTC+02:00,85,50,60,32.00,96.92,19.3,3114,191,73,2024-09-28 22:51:48,2024-09-29 06:48:45,68,12.9,388,474,170,121,97,86,571,115,82,74
2024-09-28 00:15:40,2024-09-28 22:51:48,UTC+02:00,34,60,42,32.44,93.54,5.9,1612,140,67,2024-09-28 00:15:40,2024-09-28 08:17:49,68,12.4,386,463,118,145,123,77,565,111,83,80
2024-09-26 23:27:17,2024-09-28 00:15:40,UTC+02:00,69,50,55,32.10,96.67,4.7,1718,145,60,2024-09-26 23:27:17,2024-09-27 07:45:06,71,13.8,430,497,180,140,110,67,603,122,86,79
2024-09-26 00:31:38,2024-09-26 23:27:17,UTC+02:00,50,49,49,32.40,97.64,13.8,2061,182,67,2024-09-26 00:31:38,2024-09-26 06:50:21,57,14.0,325,376,115,78,132,51,571,115,86,80
2024-09-24 23:44:56,2024-09-26 00:31:38,UTC+02:00,37,56,44,32.70,94.81,6.0,1791,140,67,2024-09-24 23:44:56,2024-09-25 06:16:04,61,12.4,357,390,168,97,92,33,588,101,92,79
2024-09-24 00:06:05,2024-09-24 23:44:56,UTC+02:00,53,51,52,33.00,95.00,14.7,2194,175,68,2024-09-24 00:06:05,2024-09-24 07:05:36,64,13.2,360,413,143,109,108,53,564,110,87,83
2024-09-22 23:17:09,2024-09-23 23:06:05,UTC+01:00,65,52,54,31.08,97.06,4.6,1653,129,61,2024-09-22 23:17:09,2024-09-23 06:44:43,70,13.1,391,447,178,99,114,56,562,107,87,81
2024-09-22 00:29:51,2024-09-23 00:17:09,UTC+02:00,27,60,39,32.70,95.44,4.9,1653,130,68,2024-09-22 00:29:51,2024-09-22 08:30:53,72,12.3,436,480,194,122,120,44,603,78,90,68
2024-09-20 23:55:21,2024-09-22 00:29:51,UTC+02:00,27,60,39,33.60,94.63,20.4,3444,194,79,2024-09-20 23:55:21,2024-09-21 09:38:41,80,12.4,498,580,185,166,147,82,620,127,86,62
2024-09-19 23:53:33,2024-09-20 23:55:21,UTC+02:00,29,56,47,33.00,92.50,15.6,2300,172,72,2024-09-19 23:53:33,2024-09-20 06:18:07,52,12.7,318,379,128,93,97,61,607,122,84,88
2024-09-19 00:31:32,2024-09-19 23:53:33,UTC+02:00,62,49,59,32.94,97.30,14.5,2105,173,70,2024-09-19 00:31:32,2024-09-19 06:37:19,57,12.7,323,365,141,74,108,42,568,113,89,83
2024-09-17 23:51:13,2024-09-19 00:31:32,UTC+02:00,61,51,57,33.10,96.24,4.9,1714,126,63,2024-09-17 23:51:13,2024-09-18 06:16:14,61,12.6,355,383,117,120,118,28,582,127,92,77
2024-09-17 00:28:30,2024-09-17 23:51:13,UTC+02:00,60,50,65,33.08,95.73,4.9,1635,144,61,2024-09-17 00:28:30,2024-09-17 06:13:37,52,13.3,306,345,146,85,75,39,583,127,89,84
2024-09-16 00:12:40,2024-09-17 00:28:30,UTC+02:00,41,53,49,33.20,95.62,5.9,1748,146,63,2024-09-16 00:12:40,2024-09-16 07:29:14,59,12.8,370,436,142,103,125,66,630,108,85,86
2024-09-14 23:57:37,2024-09-16 00:12:40,UTC+02:00,74,50,60,32.90,96.58,19.8,3217,184,73,2024-09-14 23:57:37,2024-09-15 08:07:04,70,13.0,394,473,143,137,114,79,564,108,83,79
2024-09-13 23:27:46,2024-09-14 23:57:37,UTC+02:00,34,58,43,33.20,96.50,5.5,1732,142,67,2024-09-13 23:27:46,2024-09-14 08:39:22,73,12.1,446,542,175,170,101,96,615,127,82,69
2024-09-13 00:10:45,2024-09-13 23:27:46,UTC+02:00,34,54,50,33.48,94.46,14.9,2174,175,69,2024-09-13 00:10:45,2024-09-13 06:19:35,48,12.3,272,356,137,104,31,84,571,116,77,82
2024-09-12 00:10:52,2024-09-13 00:10:45,UTC+02:00,44,58,50,33.88,94.69,4.5,1631,115,63,2024-09-12 00:10:52,2024-09-12 07:31:03,62,12.7,377,434,123,111,143,57,610,105,89,76
2024-09-10 23:08:01,2024-09-12 00:10:52,UTC+02:00,53,52,54,33.20,95.36,17.3,2562,182,69,2024-09-10 23:08:01,2024-09-11 06:11:01,64,12.8,371,422,186,105,80,51,582,127,87,66
2024-09-10 00:17:01,2024-09-10 23:08:01,UTC+02:00,17,62,48,33.60,95.71,5.2,1566,137,68,2024-09-10 00:17:01,2024-09-10 05:37:59,37,13.1,226,319,78,88,60,93,607,105,71,73
2024-09-08 23:50:11,2024-09-10 00:17:01,UTC+02:00,47,53,51,33.19,97.69,17.0,2435,191,65,2024-09-08 23:50:11,2024-09-09 07:30:39,71,12.5,394,459,186,91,117,65,558,80,85,84
2024-09-07 23:45:45,2024-09-08 23:50:11,UTC+02:00,57,58,51,33.30,93.47,13.2,2073,172,71,2024-09-07 23:45:45,2024-09-08 08:43:56,79,12.5,465,538,193,146,126,73,591,64,87,77
2024-09-07 00:28:26,2024-09-07 23:45:45,UTC+02:00,87,51,73,33.20,95.06,20.5,3423,182,74,2024-09-07 00:28:26,2024-09-07 09:13:36,82,12.2,463,516,165,149,149,53,564,108,90,62
2024-09-05 23:31:57,2024-09-07 00:28:26,UTC+02:00,,,,,,5.6,1700,128,67,,,,,,,,,,,,,,
2024-09-04 23:18:38,2024-09-05 23:31:57,UTC+02:00,66,49,61,32.90,97.34,15.7,2371,180,66,2024-09-04 23:18:38,2024-09-05 06:37:57,64,13.0,380,439,168,112,100,59,597,97,86,76
2024-09-03 22:17:38,2024-09-04 22:18:38,UTC+01:00,62,53,58,32.99,96.06,16.6,2469,180,67,2024-09-03 22:17:38,2024-09-04 05:54:17,66,12.7,379,456,119,101,159,77,575,118,83,70
2024-09-03 00:08:22,2024-09-03 22:17:38,UTC+01:00,52,51,58,31.77,96.41,6.6,1647,131,63,2024-09-03 00:08:22,2024-09-03 06:19:46,58,13.2,332,371,144,104,84,39,569,114,90,76
2024-09-02 00:35:26,2024-09-03 01:08:22,UTC+02:00,39,54,49,32.90,92.57,5.1,1716,129,65,2024-09-02 00:35:26,2024-09-02 07:19:45,61,12.5,355,402,118,130,107,47,583,62,88,79
2024-09-01 00:42:38,2024-09-02 00:35:26,UTC+02:00,67,53,63,33.10,94.78,19.8,3229,180,76,2024-09-01 00:42:38,2024-09-01 09:30:33,83,12.9,467,527,213,139,115,60,564,105,88,77
2024-08-31 01:01:09,2024-09-01 00:42:38,UTC+02:00,36,54,47,33.46,96.93,7.7,1820,137,69,2024-08-31 01:01:09,2024-08-31 09:15:21,66,12.9,419,494,163,118,138,75,630,126,84,68
2024-08-30 00:26:19,2024-08-31 01:01:09,UTC+02:00,45,51,58,34.10,95.44,17.2,2578,182,71,2024-08-30 00:26:19,2024-08-30 06:20:26,55,12.7,306,339,131,89,86,33,560,106,91,90
2024-08-29 00:20:37,2024-08-30 00:26:19,UTC+02:00,94,46,82,33.90,97.11,4.2,1663,113,58,2024-08-29 00:20:37,2024-08-29 07:41:52,70,13.7,376,441,102,119,155,65,541,87,85,84
2024-08-28 00:14:21,2024-08-29 00:20:37,UTC+02:00,86,49,73,33.51,96.90,4.0,1653,117,60,2024-08-28 00:14:21,2024-08-28 07:09:56,68,13.0,377,415,192,89,96,38,552,97,91,75
2024-08-27 00:18:58,2024-08-28 00:14:21,UTC+02:00,62,52,60,33.90,96.50,4.3,1657,114,61,2024-08-27 00:18:58,2024-08-27 07:39:06,67,12.8,401,439,160,95,146,38,597,92,91,72
2024-08-26 01:30:55,2024-08-27 00:18:58,UTC+02:00,62,54,60,32.79,98.41,17.3,2533,175,70,2024-08-26 01:30:55,2024-08-26 08:52:20,71,12.5,351,431,198,86,67,80,495,40,82,65
2024-08-25 00:18:28,2024-08-26 01:30:55,UTC+02:00,87,50,72,33.05,96.57,5.2,1794,138,62,2024-08-25 00:18:28,2024-08-25 08:50:36,88,13.2,441,509,129,129,183,68,504,127,87,45
2024-08-24 00:53:55,2024-08-25 00:18:28,UTC+02:00,55,51,63,33.00,97.82,18.9,3030,174,72,2024-08-24 00:53:55,2024-08-24 07:15:38,53,13.2,295,381,107,93,95,86,560,77,77,69
2024-08-23 01:48:12,2024-08-24 00:53:55,UTC+02:00,52,50,52,32.82,96.85,14.0,2221,169,68,2024-08-23 01:48:12,2024-08-23 10:08:34,77,13.7,413,500,185,124,104,87,534,115,82,61
2024-08-22 01:27:30,2024-08-23 01:48:12,UTC+02:00,50,53,55,33.40,96.17,18.2,2674,184,73,2024-08-22 01:27:30,2024-08-22 07:59:04,60,13.3,342,391,118,112,112,49,572,118,87,79
2024-08-21 01:38:03,2024-08-22 01:27:30,UTC+02:00,55,50,54,32.02,95.56,4.3,1652,121,63,2024-08-21 01:38:03,2024-08-21 09:39:53,69,13.4,403,481,149,130,124,78,588,108,84,73
2024-08-20 01:04:35,2024-08-21 01:38:03,UTC+02:00,85,45,76,33.19,95.63,13.6,2228,165,65,2024-08-20 01:04:35,2024-08-20 09:08:37,71,13.9,414,484,132,113,169,70,582,127,85,74
2024-08-19 00:16:56,2024-08-20 01:04:35,UTC+02:00,89,46,80,33.51,96.08,5.1,1749,139,60,2024-08-19 00:16:56,2024-08-19 08:06:33,64,13.5,373,464,139,96,138,91,585,127,81,83
2024-08-18 00:51:58,2024-08-19 00:16:56,UTC+02:00,61,52,58,34.30,93.38,7.0,1764,147,64,2024-08-18 00:51:58,2024-08-18 06:55:27,52,12.7,299,363,140,62,97,64,570,111,83,84
2024-08-17 00:39:58,2024-08-18 00:51:58,UTC+02:00,55,56,46,31.79,97.50,7.7,1888,140,67,2024-08-17 00:39:58,2024-08-17 07:27:08,61,12.4,351,405,90,112,149,54,575,120,87,81
2024-08-16 00:16:17,2024-08-17 00:39:58,UTC+02:00,23,62,27,34.00,93.00,5.4,1721,136,67,2024-08-16 00:16:17,2024-08-16 06:48:30,59,12.5,343,392,156,73,114,49,583,127,87,85
2024-08-14 23:57:54,2024-08-16 00:16:17,UTC+02:00,76,53,63,33.00,97.50,6.1,1768,137,66,2024-08-14 23:57:54,2024-08-15 06:58:57,63,12.9,371,421,160,100,111,50,588,87,88,80
2024-08-13 21:56:58,2024-08-14 23:57:54,UTC+02:00,75,57,56,33.00,94.57,16.7,2609,179,73,2024-08-13 21:56:58,2024-08-14 06:44:01,77,12.3,449,525,176,147,126,76,586,118,86,74
2024-08-13 00:14:01,2024-08-13 21:56:58,UTC+02:00,23,68,29,34.90,95.43,11.1,1963,142,78,2024-08-13 00:14:01,2024-08-13 06:32:17,58,13.7,329,378,145,82,102,49,567,105,87,67
2024-08-11 22:40:42,2024-08-13 00:14:01,UTC+02:00,43,61,37,33.53,95.33,9.2,2042,135,72,2024-08-11 22:40:42,2024-08-12 06:57:42,72,12.6,423,496,230,93,100,73,587,84,86,50
2024-08-10 21:37:58,2024-08-11 22:40:42,UTC+02:00,83,52,56,33.30,95.13,17.1,2840,174,73,2024-08-10 21:37:58,2024-08-11 07:03:52,77,13.1,443,565,199,120,124,122,574,127,78,23
2024-08-10 03:26:06,2024-08-10 21:37:58,UTC+02:00,5,60,32,35.30,89.25,12.5,1723,175,72,2024-08-10 03:26:06,2024-08-10 06:25:52,24,12.0,157,179,89,39,29,22,648,127,87,33
2024-08-09 01:16:15,2024-08-10 03:26:06,UTC+02:00,46,56,46,34.80,96.00,19.6,3231,187,79,2024-08-09 01:16:15,2024-08-09 07:17:21,53,12.4,309,351,161,75,73,42,584,127,88,28
2024-08-08 05:19:16,2024-08-09 01:16:15,UTC+02:00,65,48,81,34.60,94.00,6.2,1468,140,65,2024-08-08 05:19:16,2024-08-08 10:12:58,50,12.0,288,293,123,55,110,5,579,124,98,70
2024-08-06 23:21:52,2024-08-07 22:19:16,UTC-05:00,46,59,42,32.11,96.47,4.2,1594,133,62,2024-08-06 23:21:52,2024-08-07 06:49:22,67,12.3,400,447,181,101,118,47,594,127,89,76
2024-08-05 23:34:20,2024-08-06 23:21:52,UTC-05:00,38,57,46,32.69,95.71,10.9,1898,172,66,2024-08-05 23:34:20,2024-08-06 05:19:56,51,12.1,302,345,89,92,121,43,598,109,88,50
2024-08-04 23:26:29,2024-08-05 23:34:20,UTC-05:00,51,52,45,32.70,97.39,15.1,2264,172,67,2024-08-04 23:26:29,2024-08-05 09:03:45,74,13.3,472,575,140,149,183,103,642,127,82,32
2024-08-03 23:10:47,2024-08-04 23:26:29,UTC-05:00,47,55,44,33.03,95.64,18.6,2928,174,71,2024-08-03 23:10:47,2024-08-04 05:48:46,64,13.0,352,397,224,87,41,45,555,92,89,22
2024-08-02 22:41:45,2024-08-03 23:10:47,UTC-05:00,64,53,51,31.90,97.14,9.6,2013,164,66,2024-08-02 22:41:45,2024-08-03 07:00:11,74,12.6,402,498,188,119,95,96,546,127,81,6
2024-08-01 16:15:36,2024-08-02 22:41:45,UTC-05:00,26,58,37,34.80,93.73,16.6,2917,189,70,2024-08-01 16:15:36,2024-08-02 00:09:37,56,12.6,342,474,144,87,111,132,611,127,72,87
2024-07-31 23:43:29,2024-08-01 23:15:36,UTC+02:00,52,51,49,34.49,95.67,14.3,2255,163,67,2024-07-31 23:43:29,2024-08-01 06:49:45,62,13.8,385,426,130,107,148,41,624,126,90,88
2024-07-30 23:11:57,2024-07-31 22:43:29,UTC+01:00,56,52,55,32.75,97.64,16.4,2412,178,68,2024-07-30 23:11:57,2024-07-31 05:53:09,56,12.9,326,392,92,114,120,66,579,125,83,79
2024-07-29 22:37:31,2024-07-30 23:11:57,UTC+01:00,69,51,58,31.80,94.77,4.6,1712,125,60,2024-07-29 22:37:31,2024-07-30 06:09:23,67,13.0,391,439,148,133,110,48,585,127,89,75
2024-07-28 23:43:54,2024-07-29 23:37:31,UTC+02:00,16,55,41,35.10,92.70,7.4,1823,138,65,2024-07-28 23:43:54,2024-07-29 05:37:23,38,12.9,241,353,111,69,61,112,635,111,68,76
2024-07-27 23:30:01,2024-07-28 23:43:54,UTC+02:00,69,53,58,34.49,95.50,20.0,3194,175,75,2024-07-27 23:30:01,2024-07-28 07:59:33,71,12.7,430,504,194,135,101,74,604,127,85,69
2024-07-27 02:59:11,2024-07-27 23:30:01,UTC+02:00,3,66,26,35.50,95.30,13.1,1969,168,75,2024-07-27 02:59:11,2024-07-27 08:28:55,51,12.8,289,323,127,74,88,34,568,109,90,48
2024-07-25 22:20:59,2024-07-27 01:59:11,UTC+01:00,68,49,57,32.20,97.31,8.0,2087,137,64,2024-07-25 22:20:59,2024-07-26 06:00:09,63,13.2,375,458,167,115,93,83,595,95,81,88
2024-07-24 22:00:40,2024-07-25 22:20:59,UTC+01:00,90,47,65,32.30,93.73,16.5,2460,187,66,2024-07-24 22:00:40,2024-07-25 05:47:50,74,13.8,428,467,169,145,114,39,577,121,91,80
2024-07-23 23:03:10,2024-07-24 22:00:40,UTC+01:00,77,49,58,31.18,96.62,6.0,1655,126,61,2024-07-23 23:03:10,2024-07-24 05:48:13,61,13.6,373,404,135,104,134,31,617,116,92,84
2024-07-23 00:12:47,2024-07-24 00:03:10,UTC+02:00,79,49,60,33.10,96.42,16.7,2454,174,69,2024-07-23 00:12:47,2024-07-23 06:47:06,59,13.1,342,394,167,75,100,52,576,121,87,80
2024-07-22 00:10:41,2024-07-23 00:12:47,UTC+02:00,61,52,45,32.60,96.56,4.6,1674,120,60,2024-07-22 00:10:41,2024-07-22 07:00:06,66,13.0,374,409,137,100,137,35,563,40,91,79
2024-07-20 23:17:39,2024-07-22 00:10:41,UTC+02:00,72,52,50,34.06,93.06,19.9,3301,179,74,2024-07-20 23:17:39,2024-07-21 08:36:31,89,13.3,502,558,230,152,120,56,565,107,90,73
2024-07-20 00:30:57,2024-07-20 23:17:39,UTC+02:00,32,61,35,34.90,95.55,7.4,1735,154,71,2024-07-20 00:30:57,2024-07-20 08:54:32,73,12.5,451,503,198,121,132,52,618,127,90,67
2024-07-18 23:30:30,2024-07-20 00:30:57,UTC+02:00,67,52,53,34.60,95.93,15.3,2410,177,69,2024-07-18 23:30:30,2024-07-19 06:32:44,60,13.0,362,421,115,115,132,59,608,127,87,87
2024-07-18 00:22:34,2024-07-18 23:30:30,UTC+02:00,22,62,35,34.84,95.21,13.7,2190,165,71,2024-07-18 00:22:34,2024-07-18 06:49:54,55,12.2,322,385,160,87,75,63,582,127,83,85
2024-07-17 00:02:28,2024-07-18 00:22:34,UTC+02:00,36,53,41,34.10,96.09,5.1,1712,126,64,2024-07-17 00:02:28,2024-07-17 06:12:24,53,13.1,324,366,161,68,95,42,617,127,88,84
2024-07-15 23:36:49,2024-07-17 00:02:28,UTC+02:00,82,49,59,34.01,95.60,15.2,2327,172,67,2024-07-15 23:36:49,2024-07-16 06:44:57,65,13.1,380,426,150,120,110,46,582,127,89,82
2024-07-15 00:35:50,2024-07-15 23:36:49,UTC+02:00,27,57,40,34.10,95.17,4.1,1573,118,63,2024-07-15 00:35:50,2024-07-15 06:59:29,47,12.9,306,383,91,102,113,77,653,127,79,80
2024-07-13 23:39:33,2024-07-15 00:35:50,UTC+02:00,77,54,57,34.10,95.09,20.4,3284,179,78,2024-07-13 23:39:33,2024-07-14 08:08:18,65,12.8,394,508,118,132,144,114,602,110,77,83
2024-07-13 00:05:33,2024-07-13 23:39:33,UTC+02:00,52,57,44,34.30,95.63,15.5,2378,175,72,2024-07-13 00:05:33,2024-07-13 08:23:38,72,12.6,446,487,129,132,185,41,617,127,92,74
2024-07-11 23:43:00,2024-07-13 00:05:33,UTC+02:00,42,55,43,34.70,96.11,15.1,2355,173,69,2024-07-11 23:43:00,2024-07-12 06:39:09,62,13.0,361,411,127,99,135,50,582,127,88,88
2024-07-10 23:13:59,2024-07-11 23:43:00,UTC+02:00,30,55,39,34.50,96.15,4.0,1682,141,62,2024-07-10 23:13:59,2024-07-11 06:59:32,62,12.4,378,465,164,132,82,87,606,116,81,82
2024-07-09 23:48:14,2024-07-10 23:13:59,UTC+02:00,47,53,46,34.20,96.08,15.2,2265,170,68,2024-07-09 23:48:14,2024-07-10 06:29:56,60,13.4,345,401,156,95,94,56,578,123,86,76
2024-07-08 23:00:10,2024-07-09 23:48:14,UTC+02:00,49,57,48,34.30,96.61,5.3,1737,132,65,2024-07-08 23:00:10,2024-07-09 06:14:20,60,13.3,372,431,119,114,139,59,619,127,86,67
2024-07-07 23:26:47,2024-07-08 23:00:10,UTC+02:00,36,55,43,34.06,95.77,15.4,2335,169,67,2024-07-07 23:26:47,2024-07-08 06:34:57,58,13.4,373,428,108,124,141,55,642,122,87,72
2024-07-07 00:48:58,2024-07-07 23:26:47,UTC+02:00,86,50,65,34.17,94.68,19.5,2932,174,75,2024-07-07 00:48:58,2024-07-07 08:19:03,68,13.2,400,449,133,141,126,49,590,111,88,72
2024-07-06 00:59:13,2024-07-07 00:48:58,UTC+02:00,66,55,54,34.18,97.85,13.5,2196,171,70,2024-07-06 00:59:13,2024-07-06 09:30:19,72,12.5,438,511,154,135,149,73,611,127,85,65
2024-07-05 00:22:46,2024-07-06 00:59:13,UTC+02:00,49,58,50,34.30,96.77,14.3,2246,170,72,2024-07-05 00:22:46,2024-07-05 06:39:25,56,12.2,330,376,133,90,107,46,586,126,87,85
2024-07-03 23:38:23,2024-07-05 00:22:46,UTC+02:00,63,54,52,34.00,92.66,8.4,1858,153,65,2024-07-03 23:38:23,2024-07-04 07:41:16,68,13.0,428,482,146,124,158,54,625,127,89,78
2024-07-02 23:26:08,2024-07-03 22:38:23,UTC+01:00,75,51,68,33.10,97.17,16.3,2395,176,72,2024-07-02 23:26:08,2024-07-03 05:41:48,55,13.0,322,375,109,91,122,53,585,127,87,81
2024-07-01 23:37:33,2024-07-02 23:26:08,UTC+01:00,50,57,45,32.40,95.00,7.3,1784,138,67,2024-07-01 23:37:33,2024-07-02 07:09:07,60,12.8,377,449,112,115,150,72,624,127,84,76
2024-07-01 00:46:08,2024-07-01 23:37:33,UTC+01:00,58,50,58,32.10,95.82,16.2,2297,179,69,2024-07-01 00:46:08,2024-07-01 06:59:19,52,13.2,317,373,123,95,99,56,612,127,85,60
2024-06-29 23:11:16,2024-07-01 01:46:08,UTC+02:00,,,,,,14.3,1898,173,82,,,,,,,,,,,,,,
2024-06-28 23:29:19,2024-06-29 23:11:16,UTC+02:00,22,61,34,33.34,93.75,9.3,1478,150,79,2024-06-28 23:29:19,2024-06-29 06:12:06,59,11.9,372,402,140,105,127,30,628,126,93,90
2024-06-27 23:11:16,2024-06-28 23:29:19,UTC+02:00,53,52,52,33.90,93.38,17.0,2489,184,70,2024-06-27 23:11:16,2024-06-28 06:44:07,59,13.0,361,448,143,106,112,87,613,127,80,85
2024-06-27 00:27:22,2024-06-27 23:11:16,UTC+02:00,24,54,36,33.70,94.77,14.6,2200,166,69,2024-06-27 00:27:22,2024-06-27 06:39:41,54,12.7,332,372,148,86,98,40,618,122,89,84
2024-06-25 23:21:48,2024-06-27 00:27:22,UTC+02:00,54,50,56,33.90,98.08,16.1,2409,173,69,2024-06-25 23:21:48,2024-06-26 06:21:40,60,13.1,370,417,173,99,98,47,614,127,89,81
2024-06-25 00:20:09,2024-06-25 23:21:48,UTC+02:00,42,51,53,33.30,94.33,14.8,2192,177,70,2024-06-25 00:20:09,2024-06-25 06:26:59,54,13.4,314,366,131,97,86,52,586,127,86,78
2024-06-23 23:59:18,2024-06-25 00:20:09,UTC+02:00,57,51,59,33.00,95.03,7.9,1885,139,64,2024-06-23 23:59:18,2024-06-24 06:10:59,56,13.1,328,371,131,86,111,43,583,115,88,78
2024-06-22 23:40:12,2024-06-23 23:59:18,UTC+02:00,79,51,61,33.10,96.30,11.1,2130,142,68,2024-06-22 23:40:12,2024-06-23 07:59:05,69,13.4,410,498,175,103,132,88,590,123,82,87
2024-06-21 23:35:28,2024-06-22 23:40:12,UTC+02:00,62,53,50,33.00,95.87,10.9,2068,156,69,2024-06-21 23:35:28,2024-06-22 08:10:24,69,12.4,424,514,143,137,144,90,616,127,82,77
2024-06-20 23:42:34,2024-06-21 23:35:28,UTC+02:00,90,48,67,33.00,95.25,15.0,2241,178,67,2024-06-20 23:42:34,2024-06-21 06:44:56,65,13.4,381,422,153,121,107,41,585,127,90,86
2024-06-19 23:32:47,2024-06-20 23:42:34,UTC+02:00,,,,,,7.3,1447,147,79,,,,,,,,,,,,,,
2024-06-19 00:25:43,2024-06-19 23:32:47,UTC+02:00,72,47,69,32.35,97.00,4.3,1452,119,72,2024-06-19 00:25:43,2024-06-19 06:20:26,53,13.3,307,354,154,71,82,47,584,127,86,82
2024-06-17 23:32:47,2024-06-19 00:25:43,UTC+02:00,45,53,54,33.90,96.33,6.3,1816,137,65,2024-06-17 23:32:47,2024-06-18 06:09:42,55,12.3,335,396,143,84,108,61,605,127,84,71
2024-06-16 23:55:35,2024-06-17 23:32:47,UTC+02:00,71,53,57,33.78,96.00,13.3,2134,179,69,2024-06-16 23:55:35,2024-06-17 06:59:37,63,12.4,374,424,195,120,59,50,594,127,88,81
2024-06-16 00:20:00,2024-06-16 23:55:35,UTC+02:00,62,53,53,33.40,93.44,10.8,2058,151,69,2024-06-16 00:20:00,2024-06-16 07:56:37,61,12.8,365,456,130,114,121,91,602,127,80,74
2024-06-14 23:42:03,2024-06-16 00:20:00,UTC+02:00,,,,,,12.7,1244,157,74,,,,,,,,,,,,,,
2024-06-13 23:42:03,2024-06-14 23:42:03,UTC+02:00,69,50,60,33.30,93.64,4.9,700,127,68,2024-06-13 23:42:03,2024-06-14 06:14:35,63,13.1,364,392,135,99,130,28,583,127,92,82
2024-06-12 23:42:37,2024-06-13 23:42:03,UTC+02:00,66,51,60,33.20,94.55,5.2,1702,145,62,2024-06-12 23:42:37,2024-06-13 06:14:06,60,13.3,351,391,196,75,80,40,582,127,90,77
2024-06-12 01:19:56,2024-06-12 23:42:37,UTC+02:00,40,50,56,32.30,95.92,4.4,1547,113,62,2024-06-12 01:19:56,2024-06-12 06:53:57,45,13.4,283,329,121,86,76,46,631,127,86,81
2024-06-10 23:50:32,2024-06-12 00:19:56,UTC+01:00,64,49,69,31.40,94.85,17.1,2507,180,71,2024-06-10 23:50:32,2024-06-11 05:27:29,51,14.1,300,336,132,79,89,36,585,127,90,82
2024-06-10 00:51:28,2024-06-11 00:50:32,UTC+02:00,13,63,28,34.10,94.13,6.9,1796,146,70,2024-06-10 00:51:28,2024-06-10 06:53:01,47,12.3,301,350,135,86,80,49,647,127,86,79
2024-06-09 00:32:55,2024-06-10 00:51:28,UTC+02:00,67,53,56,33.70,96.50,19.5,3079,183,75,2024-06-09 00:32:55,2024-06-09 08:26:50,67,13.4,404,473,158,126,120,69,602,127,85,76
2024-06-08 00:25:27,2024-06-09 00:32:55,UTC+02:00,45,57,49,34.32,92.92,12.6,2261,154,71,2024-06-08 00:25:27,2024-06-08 08:46:18,64,12.6,402,500,144,116,142,98,628,127,80,66
2024-06-06 23:46:50,2024-06-08 00:25:27,UTC+02:00,42,53,55,34.20,97.33,16.7,2478,182,72,2024-06-06 23:46:50,2024-06-07 06:42:55,47,13.0,295,416,100,84,111,121,629,127,71,88
2024-06-05 23:32:30,2024-06-06 23:46:50,UTC+02:00,68,50,57,33.70,94.15,16.8,2506,182,68,2024-06-05 23:32:30,2024-06-06 06:41:23,62,13.5,385,428,172,82,131,43,618,122,90,84
2024-06-04 23:18:58,2024-06-05 23:32:30,UTC+02:00,78,49,65,33.65,96.10,16.1,2418,179,68,2024-06-04 23:18:58,2024-06-05 06:06:34,58,13.3,341,407,150,120,71,66,586,127,83,76
2024-06-03 23:33:09,2024-06-04 23:18:58,UTC+02:00,53,55,52,34.30,92.86,7.7,1826,151,66,2024-06-03 23:33:09,2024-06-04 06:17:22,55,12.9,321,404,120,96,105,83,582,127,80,81
2024-06-02 23:59:28,2024-06-03 23:33:09,UTC+02:00,54,56,49,33.70,93.83,4.5,1620,119,65,2024-06-02 23:59:28,2024-06-03 07:17:23,65,12.8,382,437,191,120,71,55,590,76,87,71
2024-06-02 00:04:03,2024-06-02 23:59:28,UTC+02:00,63,54,51,33.70,96.64,18.6,2865,187,72,2024-06-02 00:04:03,2024-06-02 09:17:59,80,13.5,466,551,244,135,87,85,585,127,84,68
2024-06-01 00:46:37,2024-06-02 00:04:03,UTC+02:00,41,54,47,33.70,97.40,7.2,1727,146,72,2024-06-01 00:46:37,2024-06-01 07:03:56,52,12.2,326,376,167,69,90,50,630,127,88,88
2024-05-31 00:07:53,2024-06-01 00:46:37,UTC+02:00,30,59,39,34.20,96.15,17.0,2486,182,72,2024-05-31 00:07:53,2024-05-31 06:44:29,59,12.0,343,396,195,68,80,53,582,127,86,87
2024-05-30 00:31:08,2024-05-31 00:07:53,UTC+02:00,80,49,64,33.90,93.60,4.2,1623,116,61,2024-05-30 00:31:08,2024-05-30 07:12:30,63,13.6,367,398,116,112,139,31,584,127,92,84
2024-05-28 23:24:07,2024-05-30 00:31:08,UTC+02:00,50,55,49,33.70,92.75,6.8,1875,134,64,2024-05-28 23:24:07,2024-05-29 06:22:43,60,12.6,380,413,108,123,149,33,637,127,91,78
2024-05-28 00:29:24,2024-05-28 23:24:07,UTC+02:00,67,51,59,32.20,96.00,17.9,2590,181,72,2024-05-28 00:29:24,2024-05-28 06:46:54,57,12.9,331,375,106,120,105,44,582,127,89,85
2024-05-27 00:42:56,2024-05-28 00:29:24,UTC+02:00,30,59,46,33.50,93.11,4.5,1639,117,64,2024-05-27 00:42:56,2024-05-27 06:54:13,46,12.4,302,371,119,89,94,69,650,127,81,79
2024-05-26 00:35:02,2024-05-27 00:42:56,UTC+02:00,74,50,62,32.40,96.50,19.9,3217,193,78,2024-05-26 00:35:02,2024-05-26 05:59:10,59,12.4,290,323,102,111,77,33,495,127,89,70
2024-05-25 00:20:36,2024-05-26 00:35:02,UTC+02:00,36,58,44,32.80,94.25,6.0,1754,127,64,2024-05-25 00:20:36,2024-05-25 07:08:41,56,12.1,336,408,114,112,110,72,607,118,82,81
2024-05-24 01:23:30,2024-05-25 00:20:36,UTC+02:00,22,62,37,32.80,95.14,14.9,2228,173,74,2024-05-24 01:23:30,2024-05-24 07:03:31,54,11.8,274,322,116,80,78,48,511,127,85,66
2024-05-22 23:53:23,2024-05-24 01:23:30,UTC+02:00,50,51,56,31.90,96.92,6.7,1875,150,68,2024-05-22 23:53:23,2024-05-23 06:56:21,51,13.1,319,421,166,83,70,102,629,127,76,85
2024-05-22 00:47:03,2024-05-22 23:53:23,UTC+02:00,37,50,50,32.29,97.00,16.8,2430,182,68,2024-05-22 00:47:03,2024-05-22 06:39:37,49,12.8,282,352,123,88,71,70,578,121,80,77
2024-05-20 23:36:28,2024-05-22 00:47:03,UTC+02:00,47,55,51,32.47,95.96,6.6,1847,151,64,2024-05-20 23:36:28,2024-05-21 05:53:02,57,12.2,325,376,128,95,102,51,567,112,86,87
2024-05-19 23:35:11,2024-05-20 23:36:28,UTC+02:00,84,48,68,31.60,96.50,5.2,1697,137,60,2024-05-19 23:35:11,2024-05-20 07:10:21,64,13.3,397,455,137,117,143,58,622,101,87,82
2024-05-18 23:31:46,2024-05-19 23:35:11,UTC+02:00,87,47,70,31.56,94.78,19.5,3230,176,70,2024-05-18 23:31:46,2024-05-19 06:44:24,65,13.3,370,427,142,117,111,57,574,118,87,75
2024-05-18 01:14:38,2024-05-18 23:31:46,UTC+02:00,32,57,40,32.30,94.92,6.0,1605,141,65,2024-05-18 01:14:38,2024-05-18 08:17:01,62,12.0,378,416,140,120,118,38,614,120,90,71
2024-05-16 23:20:12,2024-05-18 01:14:38,UTC+02:00,90,48,72,31.30,96.92,15.9,2699,175,67,2024-05-16 23:20:12,2024-05-17 06:39:28,68,14.2,395,437,131,98,166,42,582,127,90,75
2024-05-16 00:07:26,2024-05-16 23:20:12,UTC+02:00,23,58,40,33.12,95.60,4.9,1630,136,64,2024-05-16 00:07:26,2024-05-16 07:02:54,48,12.2,298,392,104,91,103,94,621,98,76,80
2024-05-15 01:18:01,2024-05-16 00:07:26,UTC+02:00,69,50,57,32.30,95.42,19.8,2970,192,74,2024-05-15 01:18:01,2024-05-15 08:15:37,69,13.4,350,415,120,126,104,65,504,50,84,69
2024-05-13 23:35:40,2024-05-15 01:18:01,UTC+02:00,65,56,56,33.53,93.69,4.2,1776,124,62,2024-05-13 23:35:40,2024-05-14 07:46:04,84,12.9,407,489,177,92,138,82,485,112,83,69
2024-05-12 23:51:43,2024-05-13 23:35:40,UTC+02:00,86,54,66,33.20,95.21,4.9,1690,137,68,2024-05-12 23:51:43,2024-05-13 07:13:15,62,12.5,361,431,132,105,124,70,586,114,83,84
2024-05-12 00:06:17,2024-05-12 23:51:43,UTC+02:00,47,56,49,33.15,91.14,12.2,1994,172,67,2024-05-12 00:06:17,2024-05-12 08:17:16,70,12.5,407,483,162,115,130,76,585,71,84,77
2024-05-10 23:50:16,2024-05-12 00:06:17,UTC+02:00,92,53,65,33.08,95.00,18.5,2833,196,72,2024-05-10 23:50:16,2024-05-11 08:49:11,81,13.1,472,531,184,136,152,59,583,127,89,70
2024-05-10 00:01:39,2024-05-10 23:50:16,UTC+02:00,41,52,50,32.96,94.92,6.0,1718,142,66,2024-05-10 00:01:39,2024-05-10 05:57:51,52,13.5,320,349,99,88,133,29,620,120,91,88
2024-05-08 23:46:33,2024-05-10 00:01:39,UTC+02:00,51,55,51,31.61,97.50,16.6,2442,183,70,2024-05-08 23:46:33,2024-05-09 06:44:44,61,12.5,378,418,172,93,113,40,619,111,90,82
2024-05-07 23:29:25,2024-05-08 23:46:33,UTC+02:00,73,52,57,32.60,95.73,17.8,2533,184,72,2024-05-07 23:29:25,2024-05-08 06:46:09,70,14.2,409,435,160,96,153,26,582,126,95,71
2024-05-07 00:09:28,2024-05-07 23:29:25,UTC+02:00,77,52,64,32.10,96.54,5.7,1692,139,66,2024-05-07 00:09:28,2024-05-07 06:18:38,57,13.1,329,367,129,82,118,38,582,127,89,87
2024-05-06 00:39:35,2024-05-07 00:09:28,UTC+02:00,53,59,48,31.96,97.67,3.9,1617,102,64,2024-05-06 00:39:35,2024-05-06 08:05:32,58,12.7,369,440,146,92,131,71,637,111,84,87
2024-05-05 00:18:11,2024-05-06 00:39:35,UTC+02:00,93,55,65,31.80,96.08,20.3,3287,185,76,2024-05-05 00:18:11,2024-05-05 08:42:50,70,12.7,414,492,157,122,135,78,588,127,84,82
2024-05-04 01:04:14,2024-05-05 00:18:11,UTC+02:00,33,65,40,31.72,95.50,8.8,1849,152,72,2024-05-04 01:04:14,2024-05-04 08:03:35,54,12.4,346,405,100,111,135,59,647,127,85,82
2024-05-03 00:40:21,2024-05-04 01:04:14,UTC+02:00,56,56,58,31.60,96.75,19.3,2921,186,73,2024-05-03 00:40:21,2024-05-03 07:04:06,49,13.3,292,367,103,85,104,75,590,91,79,82
2024-05-02 01:00:00,2024-05-03 00:40:21,UTC+02:00,43,66,43,31.42,95.13,16.6,2626,186,74,2024-05-02 01:00:00,2024-05-02 08:57:07,75,12.9,415,468,216,123,76,53,556,90,89,77
2024-04-30 23:59:30,2024-05-02 01:00:00,UTC+02:00,28,63,36,32.29,97.30,10.8,2026,176,73,2024-04-30 23:59:30,2024-05-01 08:51:55,75,13.1,414,525,187,135,92,111,554,99,78,74
2024-04-29 23:39:58,2024-04-30 23:59:30,UTC+02:00,28,64,45,33.70,96.91,5.0,1708,113,72,2024-04-29 23:39:58,2024-04-30 08:01:54,72,14.2,404,499,215,74,115,95,559,105,81,69
2024-04-29 00:51:38,2024-04-29 23:39:58,UTC+02:00,42,55,48,31.70,94.85,4.4,1586,114,67,2024-04-29 00:51:38,2024-04-29 06:59:35,59,12.7,307,363,141,92,74,56,517,103,84,54
2024-04-28 01:03:10,2024-04-29 00:51:38,UTC+02:00,72,56,59,31.99,98.10,20.2,3190,181,72,2024-04-28 01:03:10,2024-04-28 09:06:15,73,12.6,430,483,159,121,150,53,591,127,89,65
2024-04-26 23:53:56,2024-04-28 01:03:10,UTC+02:00,51,53,52,32.60,95.03,9.7,2011,144,70,2024-04-26 23:53:56,2024-04-27 07:58:28,64,12.3,399,484,181,102,116,85,627,127,83,78
2024-04-26 00:05:46,2024-04-26 23:53:56,UTC+02:00,28,58,40,33.80,94.50,16.5,2417,182,70,2024-04-26 00:05:46,2024-04-26 06:42:39,55,12.3,339,396,88,112,139,57,621,127,85,86
2024-04-24 23:29:49,2024-04-26 00:05:46,UTC+02:00,66,48,57,33.25,96.57,15.7,2351,178,67,2024-04-24 23:29:49,2024-04-25 06:45:50,64,13.2,411,429,162,119,130,18,639,127,96,86
2024-04-23 23:14:53,2024-04-24 23:29:49,UTC+02:00,78,48,59,33.80,95.56,18.2,2695,188,69,2024-04-23 23:14:53,2024-04-24 05:59:53,63,13.6,363,396,129,121,113,33,581,124,92,79
2024-04-22 23:18:54,2024-04-23 23:14:53,UTC+02:00,65,53,57,32.60,95.25,6.8,1799,137,62,2024-04-22 23:18:54,2024-04-23 06:06:01,57,12.1,334,403,109,115,110,69,582,127,83,86
2024-04-22 00:16:07,2024-04-22 23:18:54,UTC+02:00,69,50,59,32.34,96.33,4.6,1624,119,59,2024-04-22 00:16:07,2024-04-22 07:00:51,56,13.1,355,403,159,110,86,48,635,127,88,90
2024-04-21 00:12:12,2024-04-22 00:16:07,UTC+02:00,48,55,52,32.60,96.33,17.7,2742,181,71,2024-04-21 00:12:12,2024-04-21 07:36:59,53,13.1,334,443,67,141,126,109,632,127,75,87
2024-04-20 00:00:52,2024-04-21 00:12:12,UTC+02:00,59,51,52,33.10,95.97,17.3,2656,179,72,2024-04-20 00:00:52,2024-04-20 07:03:29,64,12.6,372,415,129,119,124,43,580,124,90,84
2024-04-18 23:20:45,2024-04-20 00:00:52,UTC+02:00,72,51,57,33.03,95.62,5.2,1737,119,64,2024-04-18 23:20:45,2024-04-19 07:30:40,67,12.8,388,489,136,116,136,101,582,127,80,79
2024-04-18 00:12:58,2024-04-18 23:20:45,UTC+02:00,50,54,50,33.50,94.42,5.0,1633,120,66,2024-04-18 00:12:58,2024-04-18 06:43:16,57,12.9,359,390,129,89,141,31,628,127,92,78
2024-04-16 23:11:46,2024-04-18 00:12:58,UTC+02:00,56,50,51,32.80,96.06,16.7,2503,182,71,2024-04-16 23:11:46,2024-04-17 06:04:11,64,12.9,373,408,193,77,103,35,583,127,91,70
2024-04-15 23:41:46,2024-04-16 23:11:46,UTC+02:00,85,48,67,33.30,96.64,5.5,1685,128,65,2024-04-15 23:41:46,2024-04-16 06:19:16,64,12.9,372,395,149,111,112,23,582,127,94,63
2024-04-14 23:47:35,2024-04-15 23:41:46,UTC+02:00,52,53,57,32.90,96.85,4.0,1652,110,62,2024-04-14 23:47:35,2024-04-15 05:44:14,47,12.1,290,356,131,78,81,66,624,120,81,47
2024-04-14 01:23:24,2024-04-14 23:47:35,UTC+02:00,51,61,41,33.10,95.25,17.1,2731,175,77,2024-04-14 01:23:24,2024-04-14 08:32:49,65,12.9,355,425,142,101,112,70,542,115,83,51
2024-04-13 00:30:00,2024-04-14 01:23:24,UTC+02:00,,,,,,14.9,2287,169,72,,,,,,,,,,,,,,
2024-04-11 23:40:39,2024-04-13 00:30:00,UTC+02:00,62,51,54,32.83,96.33,15.5,2468,171,68,2024-04-11 23:40:39,2024-04-12 06:23:45,59,12.2,335,402,141,61,133,67,565,109,85,89
2024-04-10 23:37:23,2024-04-11 23:40:39,UTC+02:00,63,51,52,32.40,94.38,6.2,1750,128,65,2024-04-10 23:37:23,2024-04-11 06:33:12,64,14.0,381,412,152,85,144,31,600,113,93,84
2024-04-10 00:18:43,2024-04-10 23:37:23,UTC+02:00,87,49,62,32.20,95.33,14.7,2162,174,64,2024-04-10 00:18:43,2024-04-10 07:00:55,68,12.8,381,401,134,122,125,20,558,102,94,75
2024-04-08 23:29:08,2024-04-10 00:18:43,UTC+02:00,88,49,68,32.00,95.04,5.4,1756,126,63,2024-04-08 23:29:08,2024-04-09 06:17:38,63,13.6,342,405,109,88,145,63,547,117,84,74
2024-04-07 23:12:33,2024-04-08 23:29:08,UTC+02:00,52,54,46,32.71,95.47,4.6,1695,120,61,2024-04-07 23:12:33,2024-04-08 07:45:46,71,12.8,453,512,150,155,148,59,636,109,88,75
2024-04-06 23:15:29,2024-04-07 23:12:33,UTC+02:00,88,52,60,33.40,93.54,20.6,3542,182,75,2024-04-06 23:15:29,2024-04-07 06:17:02,68,12.4,359,419,115,133,111,60,530,127,85,66
2024-04-06 00:17:12,2024-04-06 23:15:29,UTC+02:00,53,56,49,32.40,94.00,5.4,1650,134,63,2024-04-06 00:17:12,2024-04-06 07:32:40,58,12.0,363,434,124,124,115,71,625,123,84,75
2024-04-05 00:39:49,2024-04-06 00:17:12,UTC+02:00,53,56,50,32.70,95.53,16.8,2468,174,73,2024-04-05 00:39:49,2024-04-05 06:52:21,58,12.3,335,370,121,101,113,35,583,127,91,65
2024-04-03 22:53:13,2024-04-05 00:39:49,UTC+02:00,58,53,49,32.80,96.42,5.2,1838,133,64,2024-04-03 22:53:13,2024-04-04 06:05:20,65,13.1,398,432,154,105,139,34,617,127,92,58
2024-04-03 01:16:46,2024-04-03 22:53:13,UTC+02:00,52,55,52,32.90,93.75,15.2,2040,172,71,2024-04-03 01:16:46,2024-04-03 08:16:17,52,12.6,329,357,91,114,124,28,631,122,94,47
2024-04-01 22:29:10,2024-04-03 02:16:46,UTC+03:00,80,55,58,32.76,91.40,17.8,2867,178,71,2024-04-01 22:29:10,2024-04-02 06:38:45,67,12.3,393,486,165,119,109,93,583,127,81,39
2024-04-01 00:27:51,2024-04-01 22:29:10,UTC+03:00,33,59,44,32.60,93.65,5.1,1566,112,65,2024-04-01 00:27:51,2024-04-01 05:18:10,47,12.4,275,287,96,69,110,12,585,63,95,50
2024-03-30 23:25:21,2024-03-31 22:27:51,UTC+01:00,85,52,63,33.61,93.85,19.7,3004,173,73,2024-03-30 23:25:21,2024-03-31 07:26:04,81,12.3,433,479,205,111,117,46,532,62,91,52
2024-03-29 22:36:49,2024-03-30 23:25:21,UTC+01:00,22,58,42,33.31,95.10,11.8,1086,165,62,2024-03-29 22:36:49,2024-03-30 07:42:01,38,12.2,216,239,89,54,73,23,573,62,91,62
2024-03-29 00:23:47,2024-03-29 22:36:49,UTC+01:00,85,50,64,32.20,94.07,18.2,2599,173,71,2024-03-29 00:23:47,2024-03-29 07:53:36,80,13.1,375,446,167,127,81,71,472,125,84,56
2024-03-27 23:37:48,2024-03-29 00:23:47,UTC+01:00,14,68,23,33.80,95.54,4.2,1714,110,67,2024-03-27 23:37:48,2024-03-28 06:42:42,67,12.5,392,422,167,97,128,30,586,127,92,81
2024-03-27 00:02:40,2024-03-27 23:37:48,UTC+01:00,30,56,41,32.19,95.00,7.9,1661,147,68,2024-03-27 00:02:40,2024-03-27 05:42:59,48,12.1,288,330,103,91,94,42,599,102,87,79
2024-03-25 22:57:43,2024-03-27 00:02:40,UTC+01:00,74,51,54,32.60,94.68,16.2,2535,172,67,2024-03-25 22:57:43,2024-03-26 06:38:12,72,12.9,406,457,120,137,149,51,565,109,89,78
2024-03-25 00:10:24,2024-03-25 22:57:43,UTC+01:00,80,51,58,32.43,95.42,5.1,1611,121,61,2024-03-25 00:10:24,2024-03-25 07:58:34,64,13.1,395,466,117,123,155,71,615,102,84,80
2024-03-24 00:19:26,2024-03-25 00:10:24,UTC+01:00,93,49,65,32.70,96.64,18.4,2624,182,70,2024-03-24 00:19:26,2024-03-24 07:21:38,70,13.1,369,416,131,111,127,47,528,72,89,70
2024-03-22 22:55:55,2024-03-24 00:19:26,UTC+01:00,85,54,54,32.76,95.74,6.5,1885,132,67,2024-03-22 22:55:55,2024-03-23 08:11:06,81,12.8,471,554,104,195,172,83,583,127,85,65
2024-03-22 00:53:05,2024-03-22 22:55:55,UTC+01:00,18,64,29,33.40,92.89,5.9,1616,148,72,2024-03-22 00:53:05,2024-03-22 05:51:05,47,12.3,273,297,100,99,74,24,583,127,92,73
2024-03-20 22:51:50,2024-03-22 00:53:05,UTC+01:00,53,56,43,32.53,95.38,5.3,1805,139,70,2024-03-20 22:51:50,2024-03-21 06:17:53,58,12.9,353,446,93,127,133,93,610,127,79,77
2024-03-19 23:47:32,2024-03-20 22:51:50,UTC+01:00,58,51,49,32.30,96.33,14.1,2097,170,67,2024-03-19 23:47:32,2024-03-20 06:47:27,56,12.9,353,406,118,101,134,53,629,127,87,78
2024-03-18 23:41:30,2024-03-19 23:47:32,UTC+01:00,53,56,50,32.83,95.31,16.9,2515,177,73,2024-03-18 23:41:30,2024-03-19 05:05:57,52,11.9,286,324,125,89,72,38,546,91,88,82
2024-03-17 23:44:01,2024-03-18 23:41:30,UTC+01:00,66,55,49,32.30,95.13,4.0,1653,110,68,2024-03-17 23:44:01,2024-03-18 07:23:03,69,12.7,406,459,110,144,152,53,589,68,89,83
2024-03-16 23:29:11,2024-03-17 23:44:01,UTC+01:00,66,57,48,32.60,94.47,19.6,2955,179,74,2024-03-16 23:29:11,2024-03-17 07:48:36,81,12.1,453,499,204,131,118,46,559,67,90,
2024-03-16 01:41:25,2024-03-16 23:29:11,UTC+01:00,36,66,33,33.20,93.22,15.5,2172,171,77,2024-03-16 01:41:25,2024-03-16 08:13:53,72,12.4,354,389,131,106,117,35,490,0,92,
2024-03-15 00:00:00,2024-03-16 01:41:25,UTC+01:00,,,,,,4.2,305,109,75,,,,,,,,,,,,,,
