Cycle start time,Cycle end time,Cycle timezone,Workout start time,Workout end time,Duration (min),Activity name,Activity Strain,Energy burned (cal),Max HR (bpm),Average HR (bpm),HR Zone 1 %,HR Zone 2 %,HR Zone 3 %,HR Zone 4 %,HR Zone 5 %,GPS enabled,Distance (meters),Altitude gain (meters),Altitude change (meters)
2025-02-16 00:20:11,,UTC+01:00,2025-02-16 12:10:38,2025-02-16 15:33:51,203,Running,20.5,2657.0,181,153,7,14,52,26,0,false,,,
2025-02-15 00:50:31,2025-02-16 00:20:11,UTC+01:00,2025-02-15 09:03:45,2025-02-15 10:18:03,74,Weightlifting,5.4,160.0,132,94,24,0,0,0,0,false,,,
2025-02-14 00:15:44,2025-02-15 00:50:31,UTC+01:00,2025-02-14 07:03:49,2025-02-14 07:57:44,53,Running,13.5,641.0,171,147,4,52,43,1,0,false,,,
2025-02-11 23:40:50,2025-02-13 00:09:13,UTC+01:00,2025-02-12 07:38:36,2025-02-12 08:24:01,45,Running,14.8,648.0,182,159,0,9,50,40,1,false,,,
2025-02-11 23:40:50,2025-02-13 00:09:13,UTC+01:00,2025-02-12 06:41:36,2025-02-12 07:34:32,52,Weightlifting,7.8,284.0,158,110,35,22,3,0,0,false,,,
2025-02-10 23:44:23,2025-02-11 23:40:50,UTC+01:00,2025-02-11 06:58:53,2025-02-11 08:00:31,61,Running,13.5,654.0,177,141,23,27,40,8,0,false,,,
2025-02-09 00:13:31,2025-02-09 22:57:16,UTC+01:00,2025-02-09 11:56:46,2025-02-09 12:49:54,53,Weightlifting,5.1,120.0,144,97,28,0,0,0,0,false,,,
2025-02-07 23:58:57,2025-02-09 00:13:31,UTC+01:00,2025-02-08 10:44:16,2025-02-08 13:32:26,168,Running,20.5,2344.0,187,157,2,8,49,40,1,false,,,
2025-02-07 23:58:57,2025-02-09 00:13:31,UTC+01:00,2025-02-08 10:03:26,2025-02-08 10:14:02,10,Weightlifting,4.1,25.0,124,97,34,0,0,0,0,false,,,
2025-02-06 23:55:53,2025-02-07 23:58:57,UTC+01:00,2025-02-07 19:38:05,2025-02-07 20:33:30,55,Running,15.2,752.0,180,155,2,12,57,29,0,false,,,
2025-02-06 23:55:53,2025-02-07 23:58:57,UTC+01:00,2025-02-07 06:42:28,2025-02-07 07:47:10,64,Weightlifting,4.7,122.0,147,87,17,0,0,0,0,false,,,
2025-02-04 23:44:40,2025-02-05 23:43:32,UTC+01:00,2025-02-05 06:54:21,2025-02-05 07:46:09,51,Weightlifting,5.2,131.0,147,95,25,3,0,0,0,false,,,
2025-02-04 00:14:57,2025-02-04 23:44:40,UTC+01:00,2025-02-04 19:11:50,2025-02-04 20:11:25,59,Running,15.6,800.0,184,155,5,7,48,39,1,false,,,
2025-02-02 23:45:03,2025-02-04 00:14:57,UTC+01:00,2025-02-03 07:09:43,2025-02-03 07:56:27,46,Running,13.8,588.0,185,151,7,27,37,28,1,false,,,
2025-02-02 00:16:02,2025-02-02 23:45:03,UTC+01:00,2025-02-02 18:45:52,2025-02-02 19:57:54,72,Weightlifting,5.6,162.0,140,97,28,0,0,0,0,false,,,
2025-02-01 01:41:18,2025-02-02 00:16:02,UTC+01:00,2025-02-01 13:53:43,2025-02-01 17:48:02,234,Running,20.6,2952.0,192,151,8,14,51,25,0,false,,,
2025-01-30 23:03:54,2025-02-01 01:41:18,UTC+01:00,2025-01-31 06:42:10,2025-01-31 07:41:47,59,Weightlifting,5.0,120.0,144,92,25,0,0,0,0,false,,,
2025-01-28 23:08:01,2025-01-30 00:34:24,UTC+01:00,2025-01-29 19:43:25,2025-01-29 20:39:56,56,Running,15.7,792.0,184,157,0,4,66,28,2,false,,,
2025-01-28 23:08:01,2025-01-30 00:34:24,UTC+01:00,2025-01-29 06:46:12,2025-01-29 07:45:45,59,Weightlifting,5.6,157.0,144,95,26,3,0,0,0,false,,,
2025-01-28 00:15:28,2025-01-28 23:08:01,UTC+01:00,2025-01-28 07:23:17,2025-01-28 08:10:46,47,Running,14.0,619.0,177,153,2,19,66,13,0,false,,,
2025-01-26 23:13:30,2025-01-28 00:15:28,UTC+01:00,2025-01-27 21:16:41,2025-01-27 21:43:51,27,Weightlifting,4.1,34.0,113,85,1,0,0,0,0,false,,,
2025-01-26 00:03:52,2025-01-26 23:13:30,UTC+01:00,2025-01-26 10:33:18,2025-01-26 12:05:47,92,Running,18.9,1391.0,186,163,0,2,38,58,2,false,,,
2025-01-25 00:02:13,2025-01-26 00:03:52,UTC+01:00,2025-01-25 09:05:31,2025-01-25 10:04:43,59,Weightlifting,6.5,228.0,152,106,57,2,0,0,0,false,,,
2025-01-24 00:49:11,2025-01-25 00:02:13,UTC+01:00,2025-01-24 07:09:11,2025-01-24 07:56:01,46,Running,14.4,612.0,187,153,7,12,33,41,4,false,,,
2025-01-22 00:24:08,2025-01-23 00:04:01,UTC+01:00,2025-01-22 06:49:11,2025-01-22 07:57:22,68,Weightlifting,8.2,319.0,163,109,16,12,4,0,0,false,,,
2025-01-20 23:52:20,2025-01-22 00:24:08,UTC+01:00,2025-01-21 07:17:08,2025-01-21 08:02:24,45,Running,12.8,527.0,165,146,16,30,53,0,0,false,,,
2025-01-19 01:45:51,2025-01-20 00:25:36,UTC+01:00,2025-01-19 11:23:06,2025-01-19 12:36:31,73,Running,17.0,1022.0,177,158,0,5,75,20,0,false,,,
2025-01-18 00:32:20,2025-01-19 01:45:51,UTC+01:00,2025-01-18 10:05:40,2025-01-18 11:47:38,101,Weightlifting,9.0,380.0,176,104,13,4,4,0,0,false,,,
2025-01-17 00:45:19,2025-01-18 00:32:20,UTC+01:00,2025-01-17 07:14:43,2025-01-17 08:02:59,48,Running,14.6,645.0,180,155,3,19,53,25,0,false,,,
2025-01-16 00:57:36,2025-01-17 00:45:19,UTC+01:00,2025-01-16 07:14:45,2025-01-16 08:11:48,57,Running,14.1,681.0,178,148,6,21,61,8,0,false,,,
2025-01-14 23:39:08,2025-01-16 00:57:36,UTC+01:00,2025-01-15 07:37:31,2025-01-15 08:32:32,55,Running,16.0,790.0,182,160,0,5,53,42,0,false,,,
2025-01-14 23:39:08,2025-01-16 00:57:36,UTC+01:00,2025-01-15 06:39:48,2025-01-15 07:33:10,53,Weightlifting,5.0,117.0,140,93,7,0,0,0,0,false,,,
2025-01-14 00:08:26,2025-01-14 23:39:08,UTC+01:00,2025-01-14 07:09:40,2025-01-14 07:48:44,39,Weightlifting,5.5,130.0,150,104,13,3,0,0,0,false,,,
2025-01-12 00:17:36,2025-01-12 23:42:43,UTC+01:00,2025-01-12 11:58:54,2025-01-12 13:20:18,81,Running,19.0,1291.0,179,167,0,0,15,85,0,false,,,
2025-01-12 00:17:36,2025-01-12 23:42:43,UTC+01:00,2025-01-12 11:52:40,2025-01-12 11:58:08,5,Running,4.9,46.0,162,131,32,24,24,0,0,false,,,
2025-01-12 00:17:36,2025-01-12 23:42:43,UTC+01:00,2025-01-12 11:15:46,2025-01-12 11:30:42,14,Weightlifting,4.1,23.0,117,88,0,0,0,0,0,false,,,
2025-01-10 23:55:02,2025-01-12 00:17:36,UTC+01:00,2025-01-11 10:14:40,2025-01-11 11:06:54,52,Running,13.6,630.0,175,149,8,31,53,6,0,false,,,
2025-01-10 23:55:02,2025-01-12 00:17:36,UTC+01:00,2025-01-11 09:03:40,2025-01-11 09:59:19,55,Weightlifting,7.0,251.0,161,109,24,10,1,0,0,false,,,
2025-01-10 00:18:08,2025-01-10 23:55:02,UTC+01:00,2025-01-10 06:41:49,2025-01-10 07:46:47,64,Running,15.1,799.0,184,150,6,25,46,18,2,false,,,
2025-01-10 00:18:08,2025-01-10 23:55:02,UTC+01:00,2025-01-10 06:18:25,2025-01-10 06:35:54,17,Weightlifting,4.0,22.0,113,82,0,0,0,0,0,false,,,
2025-01-08 00:33:20,2025-01-09 00:34:12,UTC+01:00,2025-01-08 20:37:34,2025-01-08 21:29:14,51,Running,,,,,,,,,,false,,,
2025-01-08 00:33:20,2025-01-09 00:34:12,UTC+01:00,2025-01-08 06:40:18,2025-01-08 07:36:49,56,Weightlifting,4.6,91.0,144,90,7,0,0,0,0,false,,,
2025-01-06 01:22:30,2025-01-06 23:35:55,UTC+01:00,2025-01-06 10:36:45,2025-01-06 12:33:48,117,Running,19.7,1693.0,182,160,0,6,44,49,1,false,,,
2025-01-06 01:22:30,2025-01-06 23:35:55,UTC+01:00,2025-01-06 09:54:20,2025-01-06 10:05:13,10,Weightlifting,0.0,12.0,98,82,0,0,0,0,0,false,,,
2025-01-04 00:53:21,2025-01-05 00:31:49,UTCZ,2025-01-04 08:47:51,2025-01-04 09:47:54,60,Running,16.5,868.0,183,160,0,7,42,48,3,false,,,
2025-01-01 22:31:10,2025-01-03 00:00:00,UTCZ,2025-01-02 08:14:02,2025-01-02 09:12:52,58,Running,17.1,894.0,183,164,0,2,32,59,7,false,,,
2025-01-01 22:31:10,2025-01-03 00:00:00,UTCZ,2025-01-02 07:54:43,2025-01-02 08:12:22,17,Weightlifting,2.6,20.0,115,79,0,0,0,0,0,false,,,
2025-01-01 02:18:12,2025-01-01 23:31:10,UTC+01:00,2025-01-01 10:46:47,2025-01-01 11:03:24,16,Weightlifting,0.0,19.0,100,81,0,0,0,0,0,false,,,
2024-12-31 01:14:59,2025-01-01 02:18:12,UTC+01:00,2024-12-31 17:16:40,2024-12-31 17:57:12,40,Running,4.1,50.0,118,91,0,0,0,0,0,false,,,
2024-12-31 01:14:59,2025-01-01 02:18:12,UTC+01:00,2024-12-31 16:16:30,2024-12-31 16:58:29,41,Running,12.9,517.0,176,150,2,36,49,13,0,false,,,
2024-12-30 00:29:56,2024-12-31 01:14:59,UTC+01:00,2024-12-30 10:33:00,2024-12-30 11:49:29,76,Weightlifting,6.0,191.0,139,99,8,0,0,0,0,false,,,
2024-12-28 00:03:06,2024-12-29 00:38:33,UTC+01:00,2024-12-28 10:16:48,2024-12-28 11:01:49,45,Cycling,,,,,,,,,,false,,,
2024-12-28 00:03:06,2024-12-29 00:38:33,UTC+01:00,2024-12-28 10:00:17,2024-12-28 10:15:33,15,Weightlifting,,,,,,,,,,false,,,
2024-12-27 00:06:37,2024-12-28 00:03:06,UTC+01:00,2024-12-27 17:13:02,2024-12-27 18:08:04,55,Cycling,0.6,54.0,115,79,0,0,0,0,0,false,,,
2024-12-27 00:06:37,2024-12-28 00:03:06,UTC+01:00,2024-12-27 16:19:30,2024-12-27 17:02:59,43,Spin,7.7,297.0,141,123,57,4,0,0,0,false,,,
2024-12-26 00:14:38,2024-12-27 00:06:37,UTC+01:00,2024-12-26 14:22:31,2024-12-26 14:54:54,32,Cycling,4.1,48.0,118,77,0,0,0,0,0,false,,,
2024-12-26 00:14:38,2024-12-27 00:06:37,UTC+01:00,2024-12-26 13:25:30,2024-12-26 13:55:29,29,Spin,6.6,212.0,132,124,89,0,0,0,0,false,,,
2024-12-25 00:44:43,2024-12-26 00:14:38,UTC+01:00,2024-12-25 19:03:00,2024-12-25 19:41:59,38,Weightlifting,4.6,72.0,124,95,0,0,0,0,0,false,,,
2024-12-23 23:50:44,2024-12-25 00:44:43,UTC+01:00,2024-12-24 17:21:00,2024-12-24 18:23:59,62,Spin,8.3,371.0,156,118,32,3,0,0,0,false,,,
2024-12-23 23:50:44,2024-12-25 00:44:43,UTC+01:00,2024-12-24 09:40:30,2024-12-24 10:04:29,23,Spin,5.7,143.0,134,118,34,0,0,0,0,false,,,
2024-12-22 23:16:40,2024-12-23 23:50:44,UTC+01:00,2024-12-23 13:16:30,2024-12-23 13:37:29,20,Spin,5.5,127.0,132,119,39,0,0,0,0,false,,,
2024-12-21 00:23:32,2024-12-22 00:10:05,UTC+01:00,2024-12-21 10:25:30,2024-12-21 10:43:29,17,Activity,4.3,39.0,124,99,0,0,0,0,0,false,,,
2024-12-21 00:23:32,2024-12-22 00:10:05,UTC+01:00,2024-12-21 09:57:00,2024-12-21 10:13:29,16,Activity,4.3,39.0,131,97,5,0,0,0,0,false,,,
2024-12-17 00:54:05,2024-12-18 01:16:39,UTC+01:00,2024-12-17 06:33:57,2024-12-17 07:35:37,61,Weightlifting,4.1,74.0,114,69,0,0,0,0,0,false,,,
2024-12-15 00:19:31,2024-12-16 01:16:23,UTC+01:00,2024-12-15 13:18:46,2024-12-15 13:38:20,19,Hiking,6.8,165.0,159,131,21,39,19,0,0,false,,,
2024-12-15 00:19:31,2024-12-16 01:16:23,UTC+01:00,2024-12-15 13:02:20,2024-12-15 13:18:00,15,Hiking,6.9,145.0,166,135,13,28,39,0,0,false,,,
2024-12-15 00:19:31,2024-12-16 01:16:23,UTC+01:00,2024-12-15 10:09:22,2024-12-15 12:59:11,169,Running,19.1,1951.0,179,146,10,27,49,8,0,false,,,
2024-12-12 23:47:52,2024-12-13 23:58:46,UTC+01:00,2024-12-13 19:24:27,2024-12-13 20:23:40,59,Running,15.5,783.0,184,154,4,9,50,33,2,false,,,
2024-12-12 23:47:52,2024-12-13 23:58:46,UTC+01:00,2024-12-13 06:35:58,2024-12-13 07:30:56,54,Weightlifting,6.1,195.0,147,103,21,3,0,0,0,false,,,
2024-12-11 06:46:00,2024-12-12 00:04:36,UTC+04:00,2024-12-11 13:11:53,2024-12-11 13:56:55,45,Running,0.0,51.0,105,80,0,0,0,0,0,false,,,
2024-12-11 06:46:00,2024-12-12 00:04:36,UTC+04:00,2024-12-11 10:11:53,2024-12-11 10:56:55,45,Running,15.3,659.0,180,161,1,6,44,49,0,false,,,
2024-12-09 23:53:30,2024-12-11 03:46:00,UTC+01:00,2024-12-10 07:02:47,2024-12-10 07:57:47,55,Running,15.4,761.0,189,157,1,6,66,25,2,false,,,
2024-12-08 00:21:25,2024-12-08 23:57:38,UTC+01:00,2024-12-08 17:04:53,2024-12-08 18:21:04,76,Weightlifting,7.4,282.0,156,107,16,5,1,0,0,false,,,
2024-12-08 00:21:25,2024-12-08 23:57:38,UTC+01:00,2024-12-08 14:04:53,2024-12-08 15:21:04,76,Weightlifting,0.6,86.0,109,74,0,0,0,0,0,false,,,
2024-12-06 23:54:49,2024-12-08 00:21:25,UTC+01:00,2024-12-07 16:08:21,2024-12-07 18:03:57,115,Running,18.8,1544.0,195,154,4,13,46,32,3,false,,,
2024-12-06 23:54:49,2024-12-08 00:21:25,UTC+01:00,2024-12-07 13:08:21,2024-12-07 15:03:57,115,Running,4.3,141.0,113,80,0,0,0,0,0,false,,,
2024-12-06 23:54:49,2024-12-08 00:21:25,UTC+01:00,2024-12-07 10:07:20,2024-12-07 11:52:05,104,Hiking,5.0,155.0,141,92,0,0,0,0,0,false,,,
2024-12-05 22:52:33,2024-12-06 23:54:49,UTC+01:00,2024-12-06 17:19:24,2024-12-06 18:16:08,56,Running,16.8,859.0,182,163,0,2,29,67,2,false,,,
2024-12-05 22:52:33,2024-12-06 23:54:49,UTC+01:00,2024-12-06 14:19:24,2024-12-06 15:16:08,56,Running,4.1,71.0,113,81,0,0,0,0,0,false,,,
2024-12-04 23:26:15,2024-12-05 22:52:33,UTC+01:00,2024-12-05 05:42:15,2024-12-05 06:33:49,51,Running,13.6,619.0,181,148,5,34,44,16,0,false,,,
2024-12-03 23:49:48,2024-12-04 23:26:15,UTC+01:00,2024-12-04 06:44:06,2024-12-04 07:25:27,41,Weightlifting,5.0,101.0,133,99,6,0,0,0,0,false,,,
2024-12-02 23:24:55,2024-12-03 23:49:48,UTC+01:00,2024-12-03 05:46:08,2024-12-03 06:36:47,50,Running,15.5,728.0,183,160,1,1,54,44,0,false,,,
2024-11-30 23:29:13,2024-12-01 23:59:38,UTC+01:00,2024-12-01 06:44:39,2024-12-01 08:41:40,117,Running,19.3,1664.0,181,159,0,1,61,38,0,false,,,
2024-11-30 01:34:35,2024-11-30 23:29:13,UTC+01:00,2024-11-30 09:05:23,2024-11-30 10:13:08,67,Weightlifting,6.4,212.0,150,102,9,3,0,0,0,false,,,
2024-11-28 23:43:13,2024-11-30 01:34:35,UTC+01:00,2024-11-29 07:04:13,2024-11-29 07:50:49,46,Running,14.7,643.0,184,156,1,12,46,38,3,false,,,
2024-11-26 00:24:22,2024-11-28 00:14:19,UTC+01:00,2024-11-27 06:35:07,2024-11-27 07:44:26,69,Weightlifting,,,,,,,,,,false,,,
2024-11-26 00:24:22,2024-11-28 00:14:19,UTC+01:00,2024-11-26 07:20:24,2024-11-26 07:59:41,39,Running,14.0,553.0,177,157,0,4,65,31,0,false,,,
2024-11-24 00:46:33,2024-11-24 23:45:41,UTC+01:00,2024-11-24 17:37:20,2024-11-24 18:24:55,47,Running,15.6,704.0,182,161,1,2,35,61,1,false,,,
2024-11-23 00:00:58,2024-11-24 00:46:33,UTC+01:00,2024-11-23 17:28:17,2024-11-23 18:15:58,47,Weightlifting,4.5,75.0,127,92,0,0,0,0,0,false,,,
2024-11-22 00:16:38,2024-11-23 00:00:58,UTC+01:00,2024-11-22 06:42:04,2024-11-22 07:38:41,56,Weightlifting,4.4,89.0,134,83,3,0,0,0,0,false,,,
2024-11-21 00:07:32,2024-11-22 00:16:38,UTC+01:00,2024-11-21 06:38:30,2024-11-21 07:32:41,54,Weightlifting,1.4,61.0,107,73,0,0,0,0,0,false,,,
2024-11-19 23:56:59,2024-11-21 00:07:32,UTC+01:00,2024-11-20 07:06:08,2024-11-20 07:39:44,33,Weightlifting,4.2,49.0,130,89,1,0,0,0,0,false,,,
2024-11-16 23:49:35,2024-11-18 00:34:54,UTC+01:00,2024-11-17 12:38:35,2024-11-17 12:57:35,19,Running,10.0,252.0,173,153,0,2,26,72,0,false,,,
2024-11-16 23:49:35,2024-11-18 00:34:54,UTC+01:00,2024-11-17 10:09:44,2024-11-17 12:35:59,146,Running,19.7,1920.0,184,153,0,5,18,73,4,false,,,
2024-11-16 01:11:46,2024-11-16 23:49:35,UTC+01:00,2024-11-16 16:38:05,2024-11-16 17:40:09,62,Hiking,4.1,76.0,117,87,16,0,0,0,0,false,,,
2024-11-16 01:11:46,2024-11-16 23:49:35,UTC+01:00,2024-11-16 15:14:29,2024-11-16 15:40:08,25,Hiking,4.5,53.0,122,96,65,3,0,0,0,false,,,
2024-11-16 01:11:46,2024-11-16 23:49:35,UTC+01:00,2024-11-16 09:11:09,2024-11-16 10:00:00,48,Running,14.2,648.0,172,153,0,1,18,81,0,false,,,
2024-11-15 00:13:02,2024-11-16 01:11:46,UTC+01:00,2024-11-15 06:51:40,2024-11-15 07:48:33,56,Running,14.8,727.0,179,151,0,5,28,62,5,false,,,
2024-11-12 23:25:41,2024-11-14 00:06:41,UTC+01:00,2024-11-13 07:13:46,2024-11-13 07:57:50,44,Running,14.4,607.0,177,156,0,1,12,83,4,false,,,
2024-11-12 00:33:07,2024-11-12 23:25:41,UTC+01:00,2024-11-12 06:35:49,2024-11-12 07:32:18,56,Weightlifting,6.0,189.0,142,98,33,26,4,0,0,false,,,
2024-11-09 23:56:49,2024-11-11 00:03:13,UTC+01:00,2024-11-10 09:46:05,2024-11-10 12:29:54,163,Running,20.2,2202.0,176,154,0,1,18,79,2,false,,,
2024-11-08 23:50:14,2024-11-09 23:56:49,UTC+01:00,2024-11-09 17:24:00,2024-11-09 17:40:29,16,Soccer,4.8,72.0,127,109,47,51,0,0,0,false,,,
2024-11-08 23:50:14,2024-11-09 23:56:49,UTC+01:00,2024-11-09 07:50:14,2024-11-09 08:47:14,57,Running,15.7,797.0,179,157,0,1,5,89,5,false,,,
2024-11-08 00:30:44,2024-11-08 23:50:14,UTC+01:00,2024-11-08 06:35:49,2024-11-08 07:37:09,61,Weightlifting,5.0,116.0,133,92,51,7,0,0,0,false,,,
2024-11-05 23:39:50,2024-11-07 00:31:37,UTC+01:00,2024-11-06 06:59:54,2024-11-06 08:04:00,64,Running,15.4,805.0,184,150,2,5,24,63,6,false,,,
2024-11-04 23:17:32,2024-11-05 23:39:50,UTC+01:00,2024-11-05 06:38:30,2024-11-05 07:34:30,56,Weightlifting,4.9,118.0,130,92,34,14,0,0,0,false,,,
2024-11-04 00:07:36,2024-11-04 23:17:32,UTC+01:00,2024-11-04 07:07:06,2024-11-04 07:50:29,43,Running,13.7,571.0,179,154,0,0,17,80,3,false,,,
2024-11-02 23:57:36,2024-11-04 00:07:36,UTC+01:00,2024-11-03 09:30:00,2024-11-03 11:00:00,90,Hiking,5.9,218.0,141,92,26,19,1,0,0,false,,,
2024-11-01 23:32:49,2024-11-02 23:57:36,UTC+01:00,2024-11-02 09:03:11,2024-11-02 10:57:13,114,Running,18.5,1382.0,204,149,8,11,16,46,19,false,,,
2024-10-30 23:45:45,2024-10-31 23:40:45,UTC+01:00,2024-10-31 18:34:31,2024-10-31 19:20:48,46,Running,15.4,657.0,182,158,0,1,4,70,25,false,,,
2024-10-29 23:35:59,2024-10-30 23:45:45,UTC+01:00,2024-10-30 06:34:17,2024-10-30 07:28:59,54,Weightlifting,5.1,125.0,159,96,48,15,6,0,0,false,,,
2024-10-28 23:33:22,2024-10-29 23:35:59,UTC+01:00,2024-10-29 06:56:38,2024-10-29 07:42:45,46,Running,14.4,608.0,172,153,0,0,10,85,5,false,,,
2024-10-26 23:09:06,2024-10-28 00:04:13,UTC+01:00,2024-10-27 07:46:50,2024-10-27 09:54:14,127,Running,20.5,1905.0,184,162,0,0,2,56,42,false,,,
2024-10-26 00:34:11,2024-10-27 00:09:06,UTC+02:00,2024-10-26 08:46:55,2024-10-26 09:31:15,44,Weightlifting,5.2,109.0,143,99,54,30,0,0,0,false,,,
2024-10-24 23:27:46,2024-10-26 00:34:11,UTC+02:00,2024-10-25 15:57:10,2024-10-25 16:44:14,47,Running,15.8,681.0,177,159,0,1,4,54,41,false,,,
2024-10-24 00:16:13,2024-10-24 23:27:46,UTC+02:00,2024-10-24 07:39:45,2024-10-24 08:38:10,58,Running,,,,,,,,,,false,,,
2024-10-22 02:58:54,2024-10-23 00:29:10,UTC+02:00,2024-10-22 06:42:34,2024-10-22 07:34:44,52,Weightlifting,4.5,77.0,124,88,55,1,0,0,0,false,,,
2024-10-21 00:44:20,2024-10-22 02:58:54,UTC+02:00,2024-10-21 19:17:15,2024-10-21 20:03:41,46,Running,15.4,664.0,174,158,0,0,0,86,14,false,,,
2024-10-19 23:29:35,2024-10-21 00:44:20,UTC+02:00,2024-10-20 17:25:31,2024-10-20 19:24:12,118,Running,20.1,1717.0,181,159,0,0,1,75,24,false,,,
2024-10-19 23:29:35,2024-10-21 00:44:20,UTC+02:00,2024-10-20 10:33:41,2024-10-20 11:37:13,63,Weightlifting,4.9,113.0,126,94,57,13,0,0,0,false,,,
2024-10-18 22:47:56,2024-10-19 23:29:35,UTC+02:00,2024-10-19 17:12:00,2024-10-19 17:40:29,28,Skateboarding,5.7,135.0,144,112,36,47,17,0,0,false,,,
2024-10-18 22:47:56,2024-10-19 23:29:35,UTC+02:00,2024-10-19 10:31:00,2024-10-19 11:42:17,71,Weightlifting,5.3,150.0,129,93,42,18,0,0,0,false,,,
2024-10-17 17:31:49,2024-10-18 15:47:56,UTC-05:00,2024-10-18 02:52:30,2024-10-18 03:46:29,53,Running,15.4,722.0,179,154,0,1,11,81,7,false,,,
2024-10-15 21:02:02,2024-10-16 22:14:47,UTC-07:00,2024-10-16 05:54:34,2024-10-16 06:46:13,51,Running,14.9,684.0,175,153,0,0,8,88,4,false,,,
2024-10-14 21:51:03,2024-10-15 21:02:02,UTC-07:00,2024-10-15 06:14:08,2024-10-15 07:06:01,51,Weightlifting,5.9,169.0,138,103,49,38,2,0,0,false,,,
2024-10-13 21:10:30,2024-10-14 21:51:03,UTC-07:00,2024-10-14 17:33:43,2024-10-14 18:33:16,59,Running,16.5,834.0,182,157,0,0,7,67,26,false,,,
2024-10-13 21:10:30,2024-10-14 21:51:03,UTC-07:00,2024-10-14 08:33:43,2024-10-14 09:33:16,59,Running,3.8,70.0,113,68,5,0,0,0,0,false,,,
2024-10-12 20:49:26,2024-10-13 21:10:30,UTC-07:00,2024-10-13 11:10:30,2024-10-13 11:41:59,31,Activity,7.3,234.0,150,124,2,51,46,1,0,false,,,
2024-10-12 20:49:26,2024-10-13 21:10:30,UTC-07:00,2024-10-13 09:56:13,2024-10-13 10:59:17,63,Cycling,9.7,413.0,157,119,12,35,40,5,0,false,,,
2024-10-12 01:06:25,2024-10-13 05:49:26,UTC+02:00,2024-10-13 02:39:55,2024-10-13 04:26:07,106,Running,19.5,1520.0,180,158,0,0,2,81,17,false,,,
2024-10-12 01:06:25,2024-10-13 05:49:26,UTC+02:00,2024-10-12 18:07:57,2024-10-12 18:42:40,34,Weightlifting,0.0,39.0,86,66,0,0,0,0,0,false,,,
2024-10-12 01:06:25,2024-10-13 05:49:26,UTC+02:00,2024-10-12 09:07:57,2024-10-12 09:42:40,34,Weightlifting,5.4,114.0,142,104,55,38,4,0,0,false,,,
2024-10-09 23:29:01,2024-10-11 00:07:00,UTC+02:00,2024-10-10 16:14:20,2024-10-10 17:19:08,64,Running,0.0,73.0,96,73,1,0,0,0,0,false,,,
2024-10-09 23:29:01,2024-10-11 00:07:00,UTC+02:00,2024-10-10 07:14:20,2024-10-10 08:19:08,64,Running,16.0,823.0,181,150,1,6,12,66,15,false,,,
2024-10-08 23:24:00,2024-10-09 23:29:01,UTC+02:00,2024-10-09 15:38:49,2024-10-09 16:30:52,52,Weightlifting,0.0,59.0,94,65,0,0,0,0,0,false,,,
2024-10-08 23:24:00,2024-10-09 23:29:01,UTC+02:00,2024-10-09 06:38:49,2024-10-09 07:30:52,52,Weightlifting,5.1,119.0,141,93,36,16,4,0,0,false,,,
2024-10-08 00:38:38,2024-10-08 23:24:00,UTC+02:00,2024-10-08 15:52:48,2024-10-08 16:42:06,49,Running,2.2,56.0,107,78,3,0,0,0,0,false,,,
2024-10-08 00:38:38,2024-10-08 23:24:00,UTC+02:00,2024-10-08 06:52:48,2024-10-08 07:42:06,49,Running,14.5,641.0,175,151,0,1,12,84,3,false,,,
2024-10-05 23:42:02,2024-10-06 22:59:43,UTC+02:00,2024-10-06 21:04:29,2024-10-06 22:28:03,83,Running,0.1,94.0,96,67,0,0,0,0,0,false,,,
2024-10-05 23:42:02,2024-10-06 22:59:43,UTC+02:00,2024-10-06 19:20:31,2024-10-06 20:46:43,86,Weightlifting,4.0,98.0,110,76,9,0,0,0,0,false,,,
2024-10-05 23:42:02,2024-10-06 22:59:43,UTC+02:00,2024-10-06 12:04:29,2024-10-06 13:28:03,83,Running,19.3,1287.0,178,163,0,0,1,56,43,false,,,
2024-10-05 23:42:02,2024-10-06 22:59:43,UTC+02:00,2024-10-06 10:20:31,2024-10-06 11:46:43,86,Weightlifting,5.3,145.0,120,92,56,4,0,0,0,false,,,
2024-10-05 00:20:04,2024-10-05 23:42:02,UTC+02:00,2024-10-05 20:10:48,2024-10-05 20:59:39,48,Weightlifting,0.0,55.0,98,79,2,0,0,0,0,false,,,
2024-10-05 00:20:04,2024-10-05 23:42:02,UTC+02:00,2024-10-05 11:10:48,2024-10-05 11:59:39,48,Weightlifting,5.2,122.0,132,95,49,16,0,0,0,false,,,
2024-10-04 00:09:33,2024-10-05 00:20:04,UTC+02:00,2024-10-04 07:43:30,2024-10-04 08:01:29,17,Weightlifting,4.8,67.0,131,106,53,46,0,0,0,false,,,
2024-10-01 01:18:00,2024-10-02 00:09:21,UTC+02:00,2024-10-01 08:10:27,2024-10-01 08:47:31,37,Running,4.3,56.0,129,90,37,5,0,0,0,false,,,
2024-10-01 01:18:00,2024-10-02 00:09:21,UTC+02:00,2024-10-01 07:10:27,2024-10-01 07:47:31,37,Running,13.7,503.0,167,153,0,0,8,92,0,false,,,
2024-09-28 22:51:48,2024-09-30 00:18:49,UTC+02:00,2024-09-29 10:00:45,2024-09-29 11:42:45,102,Running,18.7,1238.0,191,148,10,7,9,44,27,false,,,
2024-09-28 00:15:40,2024-09-28 22:51:48,UTC+02:00,2024-09-28 11:18:57,2024-09-28 12:13:44,54,Weightlifting,0.2,62.0,120,70,0,0,0,0,0,false,,,
2024-09-28 00:15:40,2024-09-28 22:51:48,UTC+02:00,2024-09-28 10:18:57,2024-09-28 11:13:44,54,Weightlifting,5.0,116.0,140,91,40,12,2,0,0,false,,,
2024-09-26 00:31:38,2024-09-26 23:27:17,UTC+02:00,2024-09-26 08:07:52,2024-09-26 08:48:53,41,Running,3.3,46.0,108,85,20,0,0,0,0,false,,,
2024-09-26 00:31:38,2024-09-26 23:27:17,UTC+02:00,2024-09-26 07:07:52,2024-09-26 07:48:53,41,Running,13.7,527.0,182,150,0,1,18,71,10,false,,,
2024-09-24 23:44:56,2024-09-26 00:31:38,UTC+02:00,2024-09-25 07:37:04,2024-09-25 08:28:56,51,Weightlifting,0.6,58.0,104,79,5,0,0,0,0,false,,,
2024-09-24 23:44:56,2024-09-26 00:31:38,UTC+02:00,2024-09-25 06:37:04,2024-09-25 07:28:56,51,Weightlifting,5.4,138.0,140,96,51,18,1,0,0,false,,,
2024-09-24 00:06:05,2024-09-24 23:44:56,UTC+02:00,2024-09-24 07:23:14,2024-09-24 08:07:43,44,Running,14.4,588.0,175,152,0,1,27,66,6,false,,,
2024-09-20 23:55:21,2024-09-22 00:29:51,UTC+02:00,2024-09-21 16:56:58,2024-09-21 18:57:58,121,Running,20.2,1763.0,194,159,0,0,5,70,25,false,,,
2024-09-20 23:55:21,2024-09-22 00:29:51,UTC+02:00,2024-09-21 11:33:39,2024-09-21 12:22:58,49,Weightlifting,2.8,56.0,112,79,8,0,0,0,0,false,,,
2024-09-20 23:55:21,2024-09-22 00:29:51,UTC+02:00,2024-09-21 10:33:39,2024-09-21 11:22:58,49,Weightlifting,4.9,104.0,136,93,47,13,0,0,0,false,,,
2024-09-19 23:53:33,2024-09-20 23:55:21,UTC+02:00,2024-09-20 07:41:06,2024-09-20 08:27:52,46,Running,4.2,61.0,116,84,24,0,0,0,0,false,,,
2024-09-19 23:53:33,2024-09-20 23:55:21,UTC+02:00,2024-09-20 06:41:06,2024-09-20 07:27:52,46,Running,15.2,650.0,172,155,0,1,8,82,9,false,,,
2024-09-19 00:31:32,2024-09-19 23:53:33,UTC+02:00,2024-09-19 08:09:53,2024-09-19 08:48:13,38,Swimming,,,,,,,,,,false,,,
2024-09-19 00:31:32,2024-09-19 23:53:33,UTC+02:00,2024-09-19 07:09:53,2024-09-19 07:48:13,38,Swimming,14.3,519.0,173,154,3,4,4,77,12,false,,,
2024-09-17 23:51:13,2024-09-19 00:31:32,UTC+02:00,2024-09-18 07:40:47,2024-09-18 08:25:54,45,Weightlifting,0.8,51.0,111,75,6,0,0,0,0,false,,,
2024-09-17 23:51:13,2024-09-19 00:31:32,UTC+02:00,2024-09-18 06:40:47,2024-09-18 07:25:54,45,Weightlifting,4.0,54.0,108,80,17,0,0,0,0,false,,,
2024-09-16 00:12:40,2024-09-17 00:28:30,UTC+02:00,2024-09-16 21:50:33,2024-09-16 22:34:16,43,Weightlifting,0.0,49.0,92,70,0,0,0,0,0,false,,,
2024-09-16 00:12:40,2024-09-17 00:28:30,UTC+02:00,2024-09-16 20:50:33,2024-09-16 21:34:16,43,Weightlifting,5.5,136.0,146,101,56,26,3,0,0,false,,,
2024-09-14 23:57:37,2024-09-16 00:12:40,UTC+02:00,2024-09-15 13:30:23,2024-09-15 14:26:58,56,Running,5.2,121.0,133,94,65,9,0,0,0,false,,,
2024-09-14 23:57:37,2024-09-16 00:12:40,UTC+02:00,2024-09-15 12:30:23,2024-09-15 13:26:58,56,Running,17.7,884.0,184,164,0,0,2,38,60,false,,,
2024-09-14 23:57:37,2024-09-16 00:12:40,UTC+02:00,2024-09-15 11:15:14,2024-09-15 12:25:41,70,Running,13.9,710.0,168,137,6,14,38,42,0,false,,,
2024-09-13 23:27:46,2024-09-14 23:57:37,UTC+02:00,2024-09-14 10:29:22,2024-09-14 11:19:10,49,Weightlifting,5.1,117.0,142,95,48,17,2,0,0,false,,,
2024-09-13 00:10:45,2024-09-13 23:27:46,UTC+02:00,2024-09-13 06:44:03,2024-09-13 07:21:58,37,Running,14.4,535.0,175,157,0,0,1,86,13,false,,,
2024-09-10 23:08:01,2024-09-12 00:10:52,UTC+02:00,2024-09-11 07:00:55,2024-09-11 08:08:44,67,Running,17.0,909.0,182,153,0,6,9,62,23,false,,,
2024-09-10 00:17:01,2024-09-10 23:08:01,UTC+02:00,2024-09-10 06:38:19,2024-09-10 07:28:05,49,Weightlifting,4.5,78.0,122,87,39,3,0,0,0,false,,,
2024-09-08 23:50:11,2024-09-10 00:17:01,UTC+02:00,2024-09-09 20:51:14,2024-09-09 21:49:09,57,Running,16.8,833.0,191,158,0,0,3,77,20,false,,,
2024-09-07 23:45:45,2024-09-08 23:50:11,UTC+02:00,2024-09-08 11:13:20,2024-09-08 11:52:10,38,Swimming,12.6,418.0,172,140,6,22,15,55,2,false,,,
2024-09-07 00:28:26,2024-09-07 23:45:45,UTC+02:00,2024-09-07 18:39:21,2024-09-07 19:53:26,74,Running,16.2,872.0,174,144,4,15,23,45,13,false,,,
2024-09-07 00:28:26,2024-09-07 23:45:45,UTC+02:00,2024-09-07 17:39:29,2024-09-07 18:34:58,55,Running,17.9,876.0,182,165,0,0,3,29,68,false,,,
2024-09-07 00:28:26,2024-09-07 23:45:45,UTC+02:00,2024-09-07 10:25:51,2024-09-07 11:06:26,40,Weightlifting,5.7,141.0,156,101,43,26,5,1,0,false,,,
2024-09-05 23:31:57,2024-09-07 00:28:26,UTC+02:00,2024-09-06 06:37:10,2024-09-06 07:31:58,54,Weightlifting,,,,,,,,,,false,,,
2024-09-04 23:18:38,2024-09-05 23:31:57,UTC+02:00,2024-09-05 07:07:39,2024-09-05 08:05:01,57,Running,15.4,736.0,180,150,1,2,23,63,11,false,,,
2024-09-03 22:17:38,2024-09-04 22:18:38,UTC+01:00,2024-09-04 06:12:30,2024-09-04 07:10:32,58,Running,16.2,804.0,180,155,0,0,7,88,5,false,,,
2024-09-03 00:08:22,2024-09-03 22:17:38,UTC+01:00,2024-09-03 06:40:31,2024-09-03 07:20:57,40,Weightlifting,5.9,148.0,131,103,60,33,0,0,0,false,,,
2024-09-01 00:42:38,2024-09-02 00:35:26,UTC+02:00,2024-09-01 11:04:39,2024-09-01 12:58:55,114,Running,19.3,1502.0,180,151,1,9,14,53,23,false,,,
2024-08-31 01:01:09,2024-09-01 00:42:38,UTC+02:00,2024-08-31 10:12:05,2024-08-31 11:15:48,63,Weightlifting,5.3,146.0,127,92,42,14,0,0,0,false,,,
2024-08-30 00:26:19,2024-08-31 01:01:09,UTC+02:00,2024-08-30 15:15:00,2024-08-30 15:29:59,14,Walking,4.6,53.0,113,103,99,1,0,0,0,false,,,
2024-08-30 00:26:19,2024-08-31 01:01:09,UTC+02:00,2024-08-30 07:03:39,2024-08-30 08:05:11,61,Running,16.8,852.0,182,155,0,4,12,53,31,false,,,
2024-08-28 00:14:21,2024-08-29 00:20:37,UTC+02:00,2024-08-28 08:34:08,2024-08-28 09:20:23,46,Weightlifting,0.0,52.0,117,78,4,0,0,0,0,false,,,
2024-08-28 00:14:21,2024-08-29 00:20:37,UTC+02:00,2024-08-28 07:34:08,2024-08-28 08:20:23,46,Weightlifting,0.4,53.0,103,82,13,0,0,0,0,false,,,
2024-08-27 00:18:58,2024-08-28 00:14:21,UTC+02:00,2024-08-27 09:19:48,2024-08-27 10:16:23,56,Weightlifting,2.8,65.0,113,75,6,0,0,0,0,false,,,
2024-08-27 00:18:58,2024-08-28 00:14:21,UTC+02:00,2024-08-27 08:19:48,2024-08-27 09:16:23,56,Weightlifting,4.1,68.0,112,82,19,0,0,0,0,false,,,
2024-08-26 01:30:55,2024-08-27 00:18:58,UTC+02:00,2024-08-26 10:07:07,2024-08-26 11:06:55,59,Running,16.2,809.0,175,153,0,1,17,69,13,false,,,
2024-08-26 01:30:55,2024-08-27 00:18:58,UTC+02:00,2024-08-26 09:36:45,2024-08-26 09:49:28,12,Swimming,8.0,156.0,173,147,0,4,47,42,7,false,,,
2024-08-25 00:18:28,2024-08-26 01:30:55,UTC+02:00,2024-08-25 17:16:02,2024-08-25 17:39:55,23,Weightlifting,4.1,35.0,124,86,36,3,0,0,0,false,,,
2024-08-24 00:53:55,2024-08-25 00:18:28,UTC+02:00,2024-08-24 07:46:12,2024-08-24 09:26:50,100,Running,18.5,1349.0,174,153,0,2,15,71,12,false,,,
2024-08-23 01:48:12,2024-08-24 00:53:55,UTC+02:00,2024-08-23 11:23:33,2024-08-23 12:09:08,45,Swimming,12.9,515.0,169,142,0,17,33,50,0,false,,,
2024-08-23 01:48:12,2024-08-24 00:53:55,UTC+02:00,2024-08-23 11:16:46,2024-08-23 11:22:04,5,Swimming,4.7,44.0,153,128,3,35,58,4,0,false,,,
2024-08-22 01:27:30,2024-08-23 01:48:12,UTC+02:00,2024-08-22 08:32:29,2024-08-22 09:24:13,51,Running,17.5,813.0,184,164,0,0,3,44,53,false,,,
2024-08-21 01:38:03,2024-08-22 01:27:30,UTC+02:00,2024-08-21 10:47:48,2024-08-21 12:16:03,88,Weightlifting,4.1,105.0,115,79,20,0,0,0,0,false,,,
2024-08-20 01:04:35,2024-08-21 01:38:03,UTC+02:00,2024-08-20 10:15:46,2024-08-20 10:55:20,39,Swimming,13.0,491.0,165,149,0,0,22,78,0,false,,,
2024-08-17 00:39:58,2024-08-18 00:51:58,UTC+02:00,2024-08-17 17:43:40,2024-08-17 19:12:44,89,Weightlifting,6.5,253.0,140,98,34,35,1,0,0,false,,,
2024-08-13 21:56:58,2024-08-14 23:57:54,UTC+02:00,2024-08-14 08:00:44,2024-08-14 08:50:51,50,Running,16.0,727.0,179,158,0,0,5,74,21,false,,,
2024-08-13 21:56:58,2024-08-14 23:57:54,UTC+02:00,2024-08-14 07:17:53,2024-08-14 07:55:49,37,Weightlifting,4.2,51.0,116,88,45,1,0,0,0,false,,,
2024-08-13 00:14:01,2024-08-13 21:56:58,UTC+02:00,2024-08-13 14:14:14,2024-08-13 16:06:47,112,Hiking,10.1,551.0,142,111,28,60,6,0,0,false,,,
2024-08-11 22:40:42,2024-08-13 00:14:01,UTC+02:00,2024-08-12 10:32:03,2024-08-12 13:31:48,179,Hiking,8.5,456.0,135,98,63,15,0,0,0,false,,,
2024-08-10 21:37:58,2024-08-11 22:40:42,UTC+02:00,2024-08-11 13:39:12,2024-08-11 14:55:32,76,Hiking,6.5,221.0,161,98,34,19,5,1,0,false,,,
2024-08-10 21:37:58,2024-08-11 22:40:42,UTC+02:00,2024-08-11 07:42:33,2024-08-11 09:07:08,84,Running,16.4,1013.0,174,146,0,9,26,63,2,false,,,
2024-08-10 03:26:06,2024-08-10 21:37:58,UTC+02:00,2024-08-10 19:16:47,2024-08-10 20:28:23,71,Hiking,10.7,373.0,175,109,34,12,12,16,1,false,,,
2024-08-09 01:16:15,2024-08-10 03:26:06,UTC+02:00,2024-08-09 07:52:14,2024-08-09 09:27:36,95,Running,19.2,1394.0,187,159,0,0,4,76,20,false,,,
2024-08-08 05:19:16,2024-08-09 01:16:15,UTC+02:00,2024-08-08 14:12:49,2024-08-08 15:02:40,49,Weightlifting,4.7,92.0,140,92,47,9,1,0,0,false,,,
2024-08-05 23:34:20,2024-08-06 23:21:52,UTC-05:00,2024-08-06 16:06:13,2024-08-06 16:08:52,2,Running,4.5,27.0,151,137,3,16,58,23,0,false,,,
2024-08-05 23:34:20,2024-08-06 23:21:52,UTC-05:00,2024-08-06 15:50:38,2024-08-06 16:04:52,14,Swimming,9.4,187.0,172,151,1,3,12,74,9,false,,,
2024-08-05 23:34:20,2024-08-06 23:21:52,UTC-05:00,2024-08-06 08:24:13,2024-08-06 09:20:36,56,Weightlifting,5.0,107.0,136,93,60,7,0,0,0,false,,,
2024-08-04 23:26:29,2024-08-05 23:34:20,UTC-05:00,2024-08-05 16:55:00,2024-08-05 17:41:39,46,Running,14.8,621.0,172,152,0,8,10,71,11,false,,,
2024-08-04 23:26:29,2024-08-05 23:34:20,UTC-05:00,2024-08-05 09:55:00,2024-08-05 10:41:39,46,Running,3.8,56.0,109,75,7,0,0,0,0,false,,,
2024-08-03 23:10:47,2024-08-04 23:26:29,UTC-05:00,2024-08-04 08:37:24,2024-08-04 10:01:17,83,Running,18.2,1159.0,174,155,0,7,11,57,25,false,,,
2024-08-02 22:41:45,2024-08-03 23:10:47,UTC-05:00,2024-08-03 07:33:47,2024-08-03 08:31:07,57,Weightlifting,6.4,210.0,138,103,46,40,1,0,0,false,,,
2024-08-01 16:15:36,2024-08-02 22:41:45,UTC-05:00,2024-08-02 07:34:01,2024-08-02 08:34:40,60,Running,0.0,69.0,93,76,0,0,0,0,0,false,,,
2024-08-01 16:15:36,2024-08-02 22:41:45,UTC-05:00,2024-08-02 00:34:01,2024-08-02 01:34:40,60,Running,16.1,806.0,189,152,1,3,13,63,20,false,,,
2024-07-31 23:43:29,2024-08-01 23:15:36,UTC+02:00,2024-08-01 14:07:45,2024-08-01 15:07:47,60,Cycling,0.0,68.0,90,68,0,0,0,0,0,false,,,
2024-07-31 23:43:29,2024-08-01 23:15:36,UTC+02:00,2024-08-01 07:07:45,2024-08-01 08:07:47,60,Cycling,14.1,676.0,163,142,1,12,35,51,0,false,,,
2024-07-30 23:11:57,2024-07-31 22:43:29,UTC+01:00,2024-07-31 12:15:12,2024-07-31 13:31:29,76,Running,4.1,94.0,121,68,7,0,0,0,0,false,,,
2024-07-30 23:11:57,2024-07-31 22:43:29,UTC+01:00,2024-07-31 06:15:12,2024-07-31 07:31:29,76,Running,16.1,817.0,178,139,20,13,4,54,9,false,,,
2024-07-28 23:43:54,2024-07-29 23:37:31,UTC+02:00,2024-07-29 13:47:10,2024-07-29 14:41:22,54,Weightlifting,0.0,62.0,100,63,0,0,0,0,0,false,,,
2024-07-28 23:43:54,2024-07-29 23:37:31,UTC+02:00,2024-07-29 07:47:10,2024-07-29 08:41:22,54,Weightlifting,,,,,,,,,,false,,,
2024-07-28 23:43:54,2024-07-29 23:37:31,UTC+02:00,2024-07-29 06:47:10,2024-07-29 07:41:22,54,Weightlifting,5.8,168.0,138,99,56,24,0,0,0,false,,,
2024-07-27 23:30:01,2024-07-28 23:43:54,UTC+02:00,2024-07-28 16:54:55,2024-07-28 18:41:25,106,Running,4.1,124.0,113,80,11,0,0,0,0,false,,,
2024-07-27 23:30:01,2024-07-28 23:43:54,UTC+02:00,2024-07-28 09:54:55,2024-07-28 11:41:25,106,Running,19.9,1564.0,175,159,0,1,4,70,25,false,,,
2024-07-27 02:59:11,2024-07-27 23:30:01,UTC+02:00,2024-07-27 18:07:34,2024-07-27 19:03:54,56,Running,0.0,64.0,93,64,0,0,0,0,0,false,,,
2024-07-27 02:59:11,2024-07-27 23:30:01,UTC+02:00,2024-07-27 12:07:34,2024-07-27 13:03:54,56,Running,4.6,93.0,119,90,36,4,0,0,0,false,,,
2024-07-27 02:59:11,2024-07-27 23:30:01,UTC+02:00,2024-07-27 11:07:34,2024-07-27 12:03:54,56,Running,12.6,541.0,168,134,9,16,41,34,0,false,,,
2024-07-25 22:20:59,2024-07-27 01:59:11,UTC+01:00,2024-07-26 06:17:50,2024-07-26 07:04:55,47,Weightlifting,4.9,93.0,137,90,56,8,0,0,0,false,,,
2024-07-24 22:00:40,2024-07-25 22:20:59,UTC+01:00,2024-07-25 20:13:30,2024-07-25 20:28:29,14,Walking,4.3,29.0,119,96,86,2,0,0,0,false,,,
2024-07-24 22:00:40,2024-07-25 22:20:59,UTC+01:00,2024-07-25 06:10:35,2024-07-25 07:04:32,53,Running,16.1,755.0,187,156,0,1,11,64,24,false,,,
2024-07-23 23:03:10,2024-07-24 22:00:40,UTC+01:00,2024-07-24 06:02:55,2024-07-24 06:50:38,47,Weightlifting,4.8,90.0,126,94,62,10,0,0,0,false,,,
2024-07-23 00:12:47,2024-07-24 00:03:10,UTC+02:00,2024-07-23 08:06:39,2024-07-23 08:59:46,53,Running,4.6,95.0,147,87,20,9,1,0,0,false,,,
2024-07-23 00:12:47,2024-07-24 00:03:10,UTC+02:00,2024-07-23 07:06:39,2024-07-23 07:59:46,53,Running,16.3,769.0,174,158,0,0,4,81,15,false,,,
2024-07-20 23:17:39,2024-07-22 00:10:41,UTC+02:00,2024-07-21 13:29:22,2024-07-21 14:59:09,89,Hiking,7.8,331.0,144,106,61,37,1,0,0,false,,,
2024-07-20 23:17:39,2024-07-22 00:10:41,UTC+02:00,2024-07-21 11:03:12,2024-07-21 12:30:49,87,Running,19.2,1319.0,179,161,0,0,1,63,36,false,,,
2024-07-20 00:30:57,2024-07-20 23:17:39,UTC+02:00,2024-07-20 10:38:03,2024-07-20 11:59:44,81,Weightlifting,6.5,226.0,154,100,55,21,4,1,0,false,,,
2024-07-18 23:30:30,2024-07-20 00:30:57,UTC+02:00,2024-07-19 08:16:01,2024-07-19 08:49:38,33,Running,4.1,41.0,110,81,24,0,0,0,0,false,,,
2024-07-18 23:30:30,2024-07-20 00:30:57,UTC+02:00,2024-07-19 07:54:24,2024-07-19 08:15:19,20,Running,,,,,,,,,,false,,,
2024-07-18 23:30:30,2024-07-20 00:30:57,UTC+02:00,2024-07-19 07:16:01,2024-07-19 07:49:38,33,Running,13.2,440.0,177,152,0,6,10,69,15,false,,,
2024-07-18 23:30:30,2024-07-20 00:30:57,UTC+02:00,2024-07-19 06:54:24,2024-07-19 07:15:19,20,Running,9.3,236.0,161,143,5,5,27,63,0,false,,,
2024-07-18 00:22:34,2024-07-18 23:30:30,UTC+02:00,2024-07-18 07:06:55,2024-07-18 08:06:57,60,Cycling,13.5,643.0,165,140,1,12,53,34,0,false,,,
2024-07-17 00:02:28,2024-07-18 00:22:34,UTC+02:00,2024-07-17 07:46:29,2024-07-17 08:33:21,46,Weightlifting,2.3,54.0,118,72,3,1,0,0,0,false,,,
2024-07-17 00:02:28,2024-07-18 00:22:34,UTC+02:00,2024-07-17 06:46:29,2024-07-17 07:33:21,46,Weightlifting,4.6,81.0,126,91,55,6,0,0,0,false,,,
2024-07-15 23:36:49,2024-07-17 00:02:28,UTC+02:00,2024-07-16 07:07:41,2024-07-16 07:57:43,50,Running,14.8,660.0,172,152,0,0,25,70,5,false,,,
2024-07-13 23:39:33,2024-07-15 00:35:50,UTC+02:00,2024-07-14 11:26:52,2024-07-14 13:06:53,100,Running,20.2,1549.0,179,164,0,0,1,47,52,false,,,
2024-07-13 00:05:33,2024-07-13 23:39:33,UTC+02:00,2024-07-13 12:40:42,2024-07-13 13:55:29,74,Weightlifting,6.7,234.0,146,102,49,24,8,0,0,false,,,
2024-07-13 00:05:33,2024-07-13 23:39:33,UTC+02:00,2024-07-13 11:21:43,2024-07-13 12:00:26,38,Swimming,13.7,511.0,171,153,0,1,9,88,2,false,,,
2024-07-11 23:43:00,2024-07-13 00:05:33,UTC+02:00,2024-07-12 07:07:12,2024-07-12 08:07:01,59,Running,14.8,708.0,173,146,4,5,17,72,2,false,,,
2024-07-09 23:48:14,2024-07-10 23:13:59,UTC+02:00,2024-07-10 06:57:07,2024-07-10 07:49:28,52,Running,15.1,693.0,170,152,0,0,16,82,2,false,,,
2024-07-08 23:00:10,2024-07-09 23:48:14,UTC+02:00,2024-07-09 06:39:38,2024-07-09 07:28:40,49,Weightlifting,4.7,88.0,132,91,51,5,0,0,0,false,,,
2024-07-07 23:26:47,2024-07-08 23:00:10,UTC+02:00,2024-07-08 20:07:58,2024-07-08 21:13:58,66,Cycling,15.3,782.0,169,145,3,7,27,63,0,false,,,
2024-07-07 00:48:58,2024-07-07 23:26:47,UTC+02:00,2024-07-07 11:41:39,2024-07-07 13:13:50,92,Running,19.1,1332.0,174,158,0,0,8,64,28,false,,,
2024-07-07 00:48:58,2024-07-07 23:26:47,UTC+02:00,2024-07-07 11:02:19,2024-07-07 11:31:34,29,Hiking,4.2,39.0,124,91,54,2,0,0,0,false,,,
2024-07-06 00:59:13,2024-07-07 00:48:58,UTC+02:00,2024-07-06 12:05:01,2024-07-06 12:45:07,40,Swimming,12.4,443.0,171,141,2,9,39,50,0,false,,,
2024-07-06 00:59:13,2024-07-07 00:48:58,UTC+02:00,2024-07-06 10:41:53,2024-07-06 11:28:07,46,Weightlifting,6.2,187.0,150,105,39,46,3,0,0,false,,,
2024-07-05 00:22:46,2024-07-06 00:59:13,UTC+02:00,2024-07-05 07:10:50,2024-07-05 07:51:14,40,Swimming,13.7,518.0,170,150,1,4,14,80,1,false,,,
2024-07-03 23:38:23,2024-07-05 00:22:46,UTC+02:00,2024-07-04 21:27:04,2024-07-04 21:47:06,20,Cycling,7.9,195.0,153,134,6,27,42,25,0,false,,,
2024-07-02 23:26:08,2024-07-03 22:38:23,UTC+01:00,2024-07-03 06:07:30,2024-07-03 07:08:59,61,Running,15.7,761.0,176,147,2,3,16,66,9,false,,,
2024-07-01 23:37:33,2024-07-02 23:26:08,UTC+01:00,2024-07-02 20:45:55,2024-07-02 22:13:00,87,Weightlifting,6.5,244.0,138,96,43,25,0,0,0,false,,,
2024-07-01 00:46:08,2024-07-01 23:37:33,UTC+01:00,2024-07-01 19:22:19,2024-07-01 20:07:24,45,Running,15.5,650.0,179,158,0,0,7,71,22,false,,,
2024-07-01 00:46:08,2024-07-01 23:37:33,UTC+01:00,2024-07-01 18:22:19,2024-07-01 19:07:24,45,Running,0.6,51.0,100,66,2,0,0,0,0,false,,,
2024-06-29 23:11:16,2024-07-01 01:46:08,UTC+02:00,2024-06-30 13:10:00,2024-06-30 14:10:00,60,Weightlifting,,,,,,,,,,false,,,
2024-06-29 23:11:16,2024-07-01 01:46:08,UTC+02:00,2024-06-30 12:10:00,2024-06-30 13:10:00,60,Weightlifting,5.2,125.0,130,94,61,9,0,0,0,false,,,
2024-06-29 23:11:16,2024-07-01 01:46:08,UTC+02:00,2024-06-30 11:24:07,2024-06-30 11:59:59,35,Swimming,,,,,,,,,,false,,,
2024-06-29 23:11:16,2024-07-01 01:46:08,UTC+02:00,2024-06-30 10:24:07,2024-06-30 10:59:59,35,Swimming,13.3,451.0,173,149,1,2,23,66,8,false,,,
2024-06-28 23:29:19,2024-06-29 23:11:16,UTC+02:00,2024-06-29 10:58:30,2024-06-29 11:13:29,14,Walking,4.6,51.0,129,103,55,37,0,0,0,false,,,
2024-06-28 23:29:19,2024-06-29 23:11:16,UTC+02:00,2024-06-29 09:03:49,2024-06-29 10:00:37,56,Weightlifting,5.7,157.0,150,96,44,19,4,0,0,false,,,
2024-06-27 23:11:16,2024-06-28 23:29:19,UTC+02:00,2024-06-28 08:04:18,2024-06-28 08:54:18,50,Running,4.9,105.0,132,93,26,12,0,0,0,false,,,
2024-06-27 23:11:16,2024-06-28 23:29:19,UTC+02:00,2024-06-28 07:04:18,2024-06-28 07:54:18,50,Running,16.5,745.0,184,160,0,0,2,65,33,false,,,
2024-06-27 00:27:22,2024-06-27 23:11:16,UTC+02:00,2024-06-27 08:04:15,2024-06-27 08:50:37,46,Cycling,5.1,117.0,149,94,25,18,4,0,0,false,,,
2024-06-27 00:27:22,2024-06-27 23:11:16,UTC+02:00,2024-06-27 07:04:15,2024-06-27 07:50:37,46,Cycling,13.8,569.0,166,147,1,2,34,63,0,false,,,
2024-06-25 23:21:48,2024-06-27 00:27:22,UTC+02:00,2024-06-26 17:07:30,2024-06-26 17:41:59,34,Activity,4.4,55.0,134,87,42,2,1,0,0,false,,,
2024-06-25 23:21:48,2024-06-27 00:27:22,UTC+02:00,2024-06-26 07:37:32,2024-06-26 08:23:35,46,Running,4.1,52.0,111,83,17,0,0,0,0,false,,,
2024-06-25 23:21:48,2024-06-27 00:27:22,UTC+02:00,2024-06-26 06:37:32,2024-06-26 07:23:35,46,Running,15.7,661.0,173,157,0,1,7,64,28,false,,,
2024-06-25 00:20:09,2024-06-25 23:21:48,UTC+02:00,2024-06-25 08:06:58,2024-06-25 08:51:44,44,Swimming,,,,,,,,,,false,,,
2024-06-25 00:20:09,2024-06-25 23:21:48,UTC+02:00,2024-06-25 07:06:58,2024-06-25 07:51:44,44,Swimming,14.1,573.0,177,150,1,0,28,61,10,false,,,
2024-06-23 23:59:18,2024-06-25 00:20:09,UTC+02:00,2024-06-24 21:45:52,2024-06-24 22:15:57,30,Cycling,0.0,34.0,98,78,2,0,0,0,0,false,,,
2024-06-23 23:59:18,2024-06-25 00:20:09,UTC+02:00,2024-06-24 20:45:52,2024-06-24 21:15:57,30,Cycling,7.1,224.0,139,123,3,75,22,0,0,false,,,
2024-06-23 23:59:18,2024-06-25 00:20:09,UTC+02:00,2024-06-24 06:31:43,2024-06-24 07:33:28,61,Weightlifting,4.5,90.0,124,84,31,4,0,0,0,false,,,
2024-06-22 23:40:12,2024-06-23 23:59:18,UTC+02:00,2024-06-23 12:07:50,2024-06-23 12:52:53,45,Cycling,9.0,355.0,142,126,3,57,40,0,0,false,,,
2024-06-21 23:35:28,2024-06-22 23:40:12,UTC+02:00,2024-06-22 11:57:10,2024-06-22 12:27:57,30,Swimming,8.7,287.0,156,132,1,14,83,2,0,false,,,
2024-06-21 23:35:28,2024-06-22 23:40:12,UTC+02:00,2024-06-22 10:25:57,2024-06-22 11:22:45,56,Weightlifting,5.7,168.0,140,97,32,26,3,0,0,false,,,
2024-06-20 23:42:34,2024-06-21 23:35:28,UTC+02:00,2024-06-21 07:04:30,2024-06-21 07:37:52,33,Running,14.2,489.0,178,159,0,1,1,78,20,false,,,
2024-06-19 23:32:47,2024-06-20 23:42:34,UTC+02:00,2024-06-20 07:07:44,2024-06-20 07:58:47,51,Weightlifting,,,,,,,,,,false,,,
2024-06-17 23:32:47,2024-06-19 00:25:43,UTC+02:00,2024-06-18 06:34:23,2024-06-18 07:34:00,59,Weightlifting,4.9,117.0,129,88,34,12,0,0,0,false,,,
2024-06-16 23:55:35,2024-06-17 23:32:47,UTC+02:00,2024-06-17 20:37:14,2024-06-17 20:54:17,17,Running,11.0,247.0,179,158,0,1,1,76,22,false,,,
2024-06-16 23:55:35,2024-06-17 23:32:47,UTC+02:00,2024-06-17 07:21:22,2024-06-17 07:51:43,30,Cycling,7.6,245.0,144,127,7,34,59,0,0,false,,,
2024-06-16 00:20:00,2024-06-16 23:55:35,UTC+02:00,2024-06-16 10:11:12,2024-06-16 12:24:25,133,Hiking,9.3,495.0,151,101,32,34,7,0,0,false,,,
2024-06-14 23:42:03,2024-06-16 00:20:00,UTC+02:00,2024-06-15 17:36:00,2024-06-15 18:36:21,60,Cycling,11.1,521.0,146,130,1,26,72,0,0,false,,,
2024-06-14 23:42:03,2024-06-16 00:20:00,UTC+02:00,2024-06-15 10:59:52,2024-06-15 11:54:30,54,Weightlifting,,,,,,,,,,false,,,
2024-06-13 23:42:03,2024-06-14 23:42:03,UTC+02:00,2024-06-14 06:41:58,2024-06-14 07:37:10,55,Weightlifting,4.2,76.0,125,75,11,4,0,0,0,false,,,
2024-06-12 23:42:37,2024-06-13 23:42:03,UTC+02:00,2024-06-13 06:37:19,2024-06-13 07:33:40,56,Weightlifting,4.2,77.0,145,79,17,3,0,0,0,false,,,
2024-06-10 23:50:32,2024-06-12 00:19:56,UTC+01:00,2024-06-11 05:58:59,2024-06-11 06:44:56,45,Running,16.5,711.0,180,163,0,0,0,53,47,false,,,
2024-06-09 00:32:55,2024-06-10 00:51:28,UTC+02:00,2024-06-09 10:57:33,2024-06-09 12:34:15,96,Running,19.3,1419.0,183,159,0,0,1,79,20,false,,,
2024-06-08 00:25:27,2024-06-09 00:32:55,UTC+02:00,2024-06-08 10:20:18,2024-06-08 11:27:47,67,Weightlifting,4.7,105.0,130,90,49,6,0,0,0,false,,,
2024-06-06 23:46:50,2024-06-08 00:25:27,UTC+02:00,2024-06-07 08:12:19,2024-06-07 09:04:20,52,Running,4.6,94.0,141,89,21,6,3,0,0,false,,,
2024-06-06 23:46:50,2024-06-08 00:25:27,UTC+02:00,2024-06-07 07:12:19,2024-06-07 08:04:20,52,Running,16.3,761.0,182,159,0,0,2,73,25,false,,,
2024-06-05 23:32:30,2024-06-06 23:46:50,UTC+02:00,2024-06-06 08:09:07,2024-06-06 09:02:32,53,Running,4.6,93.0,127,90,33,8,0,0,0,false,,,
2024-06-05 23:32:30,2024-06-06 23:46:50,UTC+02:00,2024-06-06 07:09:07,2024-06-06 08:02:32,53,Running,16.3,773.0,182,158,0,0,2,80,18,false,,,
2024-06-04 23:18:58,2024-06-05 23:32:30,UTC+02:00,2024-06-05 07:42:53,2024-06-05 08:39:28,56,Running,,,,,,,,,,false,,,
2024-06-04 23:18:58,2024-06-05 23:32:30,UTC+02:00,2024-06-05 06:42:53,2024-06-05 07:39:28,56,Running,15.8,761.0,179,153,0,2,11,70,17,false,,,
2024-06-03 23:33:09,2024-06-04 23:18:58,UTC+02:00,2024-06-04 07:41:26,2024-06-04 08:34:00,52,Weightlifting,1.4,60.0,106,74,4,0,0,0,0,false,,,
2024-06-03 23:33:09,2024-06-04 23:18:58,UTC+02:00,2024-06-04 06:41:26,2024-06-04 07:34:00,52,Weightlifting,5.1,120.0,138,93,37,15,2,0,0,false,,,
2024-06-02 00:04:03,2024-06-02 23:59:28,UTC+02:00,2024-06-02 12:50:50,2024-06-02 13:14:34,23,Running,12.4,337.0,177,157,0,0,2,85,13,false,,,
2024-06-02 00:04:03,2024-06-02 23:59:28,UTC+02:00,2024-06-02 11:48:44,2024-06-02 11:57:32,8,Running,7.5,120.0,169,154,0,0,14,85,1,false,,,
2024-06-02 00:04:03,2024-06-02 23:59:28,UTC+02:00,2024-06-02 11:07:46,2024-06-02 11:47:27,39,Running,15.4,591.0,187,160,0,0,6,61,33,false,,,
2024-06-01 00:46:37,2024-06-02 00:04:03,UTC+02:00,2024-06-01 11:43:12,2024-06-01 12:21:44,38,Running,,,,,,,,,,false,,,
2024-06-01 00:46:37,2024-06-02 00:04:03,UTC+02:00,2024-06-01 10:20:46,2024-06-01 11:37:35,76,Weightlifting,,,,,,,,,,false,,,
2024-05-31 00:07:53,2024-06-01 00:46:37,UTC+02:00,2024-05-31 07:06:30,2024-05-31 07:57:32,51,Running,16.5,741.0,182,158,0,3,7,44,46,false,,,
2024-05-28 23:24:07,2024-05-30 00:31:08,UTC+02:00,2024-05-29 06:38:17,2024-05-29 07:31:17,53,Weightlifting,6.0,189.0,134,100,31,42,0,0,0,false,,,
2024-05-28 00:29:24,2024-05-28 23:24:07,UTC+02:00,2024-05-28 07:04:27,2024-05-28 08:12:17,67,Running,17.6,987.0,181,159,0,0,1,80,19,false,,,
2024-05-26 00:35:02,2024-05-27 00:42:56,UTC+02:00,2024-05-26 12:07:54,2024-05-26 12:33:29,25,Running,13.4,383.0,193,161,0,1,1,65,33,false,,,
2024-05-26 00:35:02,2024-05-27 00:42:56,UTC+02:00,2024-05-26 10:04:14,2024-05-26 10:16:26,12,Running,8.3,156.0,176,150,1,1,18,64,16,false,,,
2024-05-26 00:35:02,2024-05-27 00:42:56,UTC+02:00,2024-05-26 09:02:05,2024-05-26 09:44:58,42,Running,15.9,648.0,193,162,0,0,3,55,42,false,,,
2024-05-24 01:23:30,2024-05-25 00:20:36,UTC+02:00,2024-05-24 12:02:32,2024-05-24 12:39:55,37,Running,13.8,506.0,173,154,0,1,8,86,5,false,,,
2024-05-24 01:23:30,2024-05-25 00:20:36,UTC+02:00,2024-05-24 10:55:11,2024-05-24 11:31:41,36,Weightlifting,5.2,106.0,152,97,43,19,6,0,0,false,,,
2024-05-22 23:53:23,2024-05-24 01:23:30,UTC+02:00,2024-05-23 07:14:04,2024-05-23 07:57:26,43,Weightlifting,4.6,81.0,128,91,45,13,0,0,0,false,,,
2024-05-22 00:47:03,2024-05-22 23:53:23,UTC+02:00,2024-05-22 06:59:13,2024-05-22 08:03:05,63,Running,16.6,859.0,182,153,2,3,6,70,19,false,,,
2024-05-20 23:36:28,2024-05-22 00:47:03,UTC+02:00,2024-05-21 06:38:35,2024-05-21 07:29:50,51,Weightlifting,5.7,154.0,151,96,38,26,4,0,0,false,,,
2024-05-18 23:31:46,2024-05-19 23:35:11,UTC+02:00,2024-05-19 11:03:00,2024-05-19 11:40:29,37,Soccer,10.4,305.0,172,127,25,16,18,34,3,false,,,
2024-05-18 23:31:46,2024-05-19 23:35:11,UTC+02:00,2024-05-19 07:05:06,2024-05-19 08:39:57,94,Running,18.4,1304.0,176,155,0,0,6,88,6,false,,,
2024-05-18 01:14:38,2024-05-18 23:31:46,UTC+02:00,2024-05-18 10:18:06,2024-05-18 11:31:41,73,Weightlifting,4.6,111.0,134,86,36,4,0,0,0,false,,,
2024-05-16 23:20:12,2024-05-18 01:14:38,UTC+02:00,2024-05-17 07:01:40,2024-05-17 07:53:03,51,Running,14.3,625.0,175,148,3,4,17,71,5,false,,,
2024-05-15 01:18:01,2024-05-16 00:07:26,UTC+02:00,2024-05-15 11:30:44,2024-05-15 12:59:51,89,Running,19.5,1356.0,192,162,0,0,2,55,43,false,,,
2024-05-12 00:06:17,2024-05-12 23:51:43,UTC+02:00,2024-05-12 19:09:09,2024-05-12 19:27:00,17,Running,10.7,249.0,172,156,0,0,3,88,9,false,,,
2024-05-12 00:06:17,2024-05-12 23:51:43,UTC+02:00,2024-05-12 18:48:00,2024-05-12 19:04:48,16,Weightlifting,4.4,45.0,132,100,49,33,1,0,0,false,,,
2024-05-10 23:50:16,2024-05-12 00:06:17,UTC+02:00,2024-05-11 17:31:36,2024-05-11 18:16:57,45,Running,16.1,688.0,196,162,0,0,0,58,42,false,,,
2024-05-10 00:01:39,2024-05-10 23:50:16,UTC+02:00,2024-05-10 06:36:59,2024-05-10 07:28:03,51,Weightlifting,4.9,101.0,142,90,41,8,4,0,0,false,,,
2024-05-08 23:46:33,2024-05-10 00:01:39,UTC+02:00,2024-05-09 07:01:17,2024-05-09 08:03:38,62,Running,16.4,787.0,183,149,0,11,10,48,31,false,,,
2024-05-07 23:29:25,2024-05-08 23:46:33,UTC+02:00,2024-05-08 06:59:26,2024-05-08 07:55:22,55,Running,17.5,833.0,184,160,0,2,3,35,60,false,,,
2024-05-07 00:09:28,2024-05-07 23:29:25,UTC+02:00,2024-05-07 06:36:27,2024-05-07 07:39:04,62,Weightlifting,5.4,145.0,139,92,47,16,2,0,0,false,,,
2024-05-05 00:18:11,2024-05-06 00:39:35,UTC+02:00,2024-05-05 12:03:36,2024-05-05 13:56:48,113,Running,20.1,1610.0,185,156,0,0,7,53,40,false,,,
2024-05-04 01:04:14,2024-05-05 00:18:11,UTC+02:00,2024-05-04 10:04:15,2024-05-04 11:32:59,88,Weightlifting,6.9,260.0,152,98,51,23,6,0,0,false,,,
2024-05-03 00:40:21,2024-05-04 01:04:14,UTC+02:00,2024-05-03 17:39:56,2024-05-03 19:02:13,82,Running,19.0,1204.0,186,158,0,0,5,44,51,false,,,
2024-05-02 01:00:00,2024-05-03 00:40:21,UTC+02:00,2024-05-02 12:22:01,2024-05-02 13:57:57,95,Running,16.3,1045.0,186,140,0,10,40,45,5,false,,,
2024-04-30 23:59:30,2024-05-02 01:00:00,UTC+02:00,2024-05-01 11:43:07,2024-05-01 11:51:51,8,Running,7.5,113.0,176,150,2,1,13,72,12,false,,,
2024-04-30 23:59:30,2024-05-02 01:00:00,UTC+02:00,2024-05-01 10:36:13,2024-05-01 11:36:01,59,Weightlifting,5.4,142.0,131,94,50,14,1,0,0,false,,,
2024-04-28 01:03:10,2024-04-29 00:51:38,UTC+02:00,2024-04-28 11:27:30,2024-04-28 13:06:38,99,Running,19.9,1428.0,181,157,0,4,8,35,53,false,,,
2024-04-26 23:53:56,2024-04-28 01:03:10,UTC+02:00,2024-04-27 09:29:40,2024-04-27 10:50:28,80,Weightlifting,6.9,237.0,144,98,68,16,4,0,0,false,,,
2024-04-26 00:05:46,2024-04-26 23:53:56,UTC+02:00,2024-04-26 07:07:00,2024-04-26 08:05:30,58,Running,15.9,738.0,182,147,2,6,13,58,21,false,,,
2024-04-24 23:29:49,2024-04-26 00:05:46,UTC+02:00,2024-04-25 14:21:00,2024-04-25 14:38:59,17,Walking,4.7,57.0,120,100,81,18,0,0,0,false,,,
2024-04-24 23:29:49,2024-04-26 00:05:46,UTC+02:00,2024-04-25 07:04:30,2024-04-25 07:44:35,40,Running,15.0,563.0,178,155,0,1,10,66,23,false,,,
2024-04-23 23:14:53,2024-04-24 23:29:49,UTC+02:00,2024-04-24 06:38:18,2024-04-24 07:43:36,65,Running,17.7,939.0,188,156,0,0,4,62,34,false,,,
2024-04-22 23:18:54,2024-04-23 23:14:53,UTC+02:00,2024-04-23 06:36:22,2024-04-23 07:28:21,51,Weightlifting,5.7,155.0,137,95,42,18,6,0,0,false,,,
2024-04-21 00:12:12,2024-04-22 00:16:07,UTC+02:00,2024-04-21 08:58:10,2024-04-21 10:29:02,90,Running,17.2,1054.0,181,142,2,11,30,41,16,false,,,
2024-04-20 00:00:52,2024-04-21 00:12:12,UTC+02:00,2024-04-20 07:35:59,2024-04-20 08:37:11,61,Running,15.8,770.0,176,147,2,2,21,61,14,false,,,
2024-04-16 23:11:46,2024-04-18 00:12:58,UTC+02:00,2024-04-17 06:14:50,2024-04-17 07:11:48,56,Running,16.3,761.0,182,152,0,2,17,51,30,false,,,
2024-04-15 23:41:46,2024-04-16 23:11:46,UTC+02:00,2024-04-16 06:39:34,2024-04-16 07:31:47,52,Weightlifting,4.8,104.0,128,89,33,14,0,0,0,false,,,
2024-04-14 01:23:24,2024-04-14 23:47:35,UTC+02:00,2024-04-14 18:22:30,2024-04-14 18:55:29,32,Running,7.1,203.0,154,116,21,31,44,2,0,false,,,
2024-04-14 01:23:24,2024-04-14 23:47:35,UTC+02:00,2024-04-14 09:37:09,2024-04-14 11:04:34,87,Running,15.6,912.0,175,137,2,18,28,48,4,false,,,
2024-04-13 00:30:00,2024-04-14 01:23:24,UTC+02:00,2024-04-13 11:04:55,2024-04-13 11:46:18,41,Running,14.0,534.0,169,149,0,0,20,77,3,false,,,
2024-04-13 00:30:00,2024-04-14 01:23:24,UTC+02:00,2024-04-13 10:06:19,2024-04-13 10:57:32,51,Weightlifting,5.4,138.0,149,92,32,21,4,0,0,false,,,
2024-04-11 23:40:39,2024-04-13 00:30:00,UTC+02:00,2024-04-12 06:54:37,2024-04-12 07:58:21,63,Running,15.1,744.0,171,143,3,6,22,67,2,false,,,
2024-04-10 23:37:23,2024-04-11 23:40:39,UTC+02:00,2024-04-11 07:23:48,2024-04-11 08:09:01,45,Weightlifting,4.9,98.0,128,94,54,13,0,0,0,false,,,
2024-04-10 00:18:43,2024-04-10 23:37:23,UTC+02:00,2024-04-10 07:15:30,2024-04-10 07:55:43,40,Running,14.2,526.0,174,151,1,0,16,61,22,false,,,
2024-04-08 23:29:08,2024-04-10 00:18:43,UTC+02:00,2024-04-09 06:36:31,2024-04-09 08:02:49,86,Weightlifting,4.7,127.0,117,85,41,2,0,0,0,false,,,
2024-04-06 23:15:29,2024-04-07 23:12:33,UTC+02:00,2024-04-07 09:18:16,2024-04-07 10:57:37,99,Running,20.6,1663.0,182,168,0,0,0,4,96,false,,,
2024-04-06 00:17:12,2024-04-06 23:15:29,UTC+02:00,2024-04-06 10:12:41,2024-04-06 10:41:22,28,Weightlifting,4.7,71.0,134,95,48,18,4,0,0,false,,,
2024-04-05 00:39:49,2024-04-06 00:17:12,UTC+02:00,2024-04-05 07:13:07,2024-04-05 08:12:56,59,Running,16.2,790.0,174,151,0,3,13,67,17,false,,,
2024-04-03 22:53:13,2024-04-05 00:39:49,UTC+02:00,2024-04-04 06:41:25,2024-04-04 07:29:47,48,Weightlifting,4.9,104.0,133,88,33,10,2,0,0,false,,,
2024-04-03 01:16:46,2024-04-03 22:53:13,UTC+02:00,2024-04-03 09:46:30,2024-04-03 10:23:08,36,Running,14.8,528.0,172,157,0,0,2,76,22,false,,,
2024-04-01 22:29:10,2024-04-03 02:16:46,UTC+03:00,2024-04-02 06:59:49,2024-04-02 08:02:30,62,Running,17.4,886.0,178,156,0,0,8,53,39,false,,,
2024-03-30 23:25:21,2024-03-31 22:27:51,UTC+01:00,2024-03-31 10:12:45,2024-03-31 11:42:45,90,Running,19.3,1309.0,173,158,0,0,3,58,39,false,,,
2024-03-30 23:25:21,2024-03-31 22:27:51,UTC+01:00,2024-03-31 08:12:45,2024-03-31 09:42:45,90,Running,4.0,106.0,113,70,11,0,0,0,0,false,,,
2024-03-29 22:36:49,2024-03-30 23:25:21,UTC+01:00,2024-03-30 20:28:04,2024-03-30 20:46:44,18,Running,10.8,250.0,165,152,0,1,5,94,0,false,,,
2024-03-29 22:36:49,2024-03-30 23:25:21,UTC+01:00,2024-03-30 19:53:33,2024-03-30 20:25:17,31,Weightlifting,4.9,85.0,133,96,39,27,3,0,0,false,,,
2024-03-29 22:36:49,2024-03-30 23:25:21,UTC+01:00,2024-03-30 18:28:04,2024-03-30 18:46:44,18,Running,,,,,,,,,,false,,,
2024-03-29 22:36:49,2024-03-30 23:25:21,UTC+01:00,2024-03-30 17:53:33,2024-03-30 18:25:17,31,Weightlifting,,,,,,,,,,false,,,
2024-03-29 22:36:49,2024-03-30 23:25:21,UTC+01:00,2024-03-30 17:28:04,2024-03-30 17:46:44,18,Running,,,,,,,,,,false,,,
2024-03-29 22:36:49,2024-03-30 23:25:21,UTC+01:00,2024-03-30 16:53:33,2024-03-30 17:25:17,31,Weightlifting,,,,,,,,,,false,,,
2024-03-29 00:23:47,2024-03-29 22:36:49,UTC+01:00,2024-03-29 11:09:38,2024-03-29 12:24:06,74,Running,17.8,1025.0,173,154,0,1,10,68,21,false,,,
2024-03-29 00:23:47,2024-03-29 22:36:49,UTC+01:00,2024-03-29 09:09:38,2024-03-29 10:24:06,74,Running,1.9,85.0,102,67,3,0,0,0,0,false,,,
2024-03-27 00:02:40,2024-03-27 23:37:48,UTC+01:00,2024-03-27 07:00:53,2024-03-27 07:57:36,56,Weightlifting,7.0,238.0,147,105,38,34,13,0,0,false,,,
2024-03-25 22:57:43,2024-03-27 00:02:40,UTC+01:00,2024-03-26 07:13:29,2024-03-26 08:19:15,65,Running,15.8,810.0,172,147,0,4,17,74,5,false,,,
2024-03-24 00:19:26,2024-03-25 00:10:24,UTC+01:00,2024-03-24 11:10:19,2024-03-24 12:25:08,74,Running,18.3,1008.0,182,153,1,11,9,30,49,false,,,
2024-03-22 22:55:55,2024-03-24 00:19:26,UTC+01:00,2024-03-23 09:15:57,2024-03-23 10:22:24,66,Weightlifting,5.8,176.0,132,96,48,27,1,0,0,false,,,
2024-03-22 00:53:05,2024-03-22 22:55:55,UTC+01:00,2024-03-22 06:49:04,2024-03-22 07:58:00,68,Running,,,,,,,,,,false,,,
2024-03-20 22:51:50,2024-03-22 00:53:05,UTC+01:00,2024-03-21 06:41:47,2024-03-21 07:28:42,46,Weightlifting,4.6,82.0,122,91,62,5,0,0,0,false,,,
2024-03-19 23:47:32,2024-03-20 22:51:50,UTC+01:00,2024-03-20 07:07:50,2024-03-20 07:46:59,39,Running,13.8,504.0,170,150,0,1,17,78,4,false,,,
2024-03-18 23:41:30,2024-03-19 23:47:32,UTC+01:00,2024-03-19 06:46:51,2024-03-19 07:46:48,59,Running,16.2,764.0,177,149,0,10,12,51,27,false,,,
2024-03-16 23:29:11,2024-03-17 23:44:01,UTC+01:00,2024-03-17 09:54:46,2024-03-17 11:16:40,81,Running,19.3,1195.0,179,160,0,2,7,31,60,false,,,
2024-03-16 01:41:25,2024-03-16 23:29:11,UTC+01:00,2024-03-16 11:52:26,2024-03-16 12:32:12,39,Running,14.6,544.0,171,154,0,1,7,84,8,false,,,
2024-03-16 01:41:25,2024-03-16 23:29:11,UTC+01:00,2024-03-16 10:15:30,2024-03-16 11:23:47,68,Weightlifting,5.1,132.0,129,92,52,12,0,0,0,false,,,
